Status: 200
                                                title  ...           scraped_at
0                                A Light in the Attic  ...  2026-09-25 19:00:05
1                                  Tipping the Velvet  ...  2026-09-25 19:00:05
2                                          Soumission  ...  2026-09-25 19:00:05
3                                       Sharp Objects  ...  2026-09-25 19:00:05
4               Sapiens: A Brief History of Humankind  ...  2026-09-25 19:00:05
5                                     The Requiem Red  ...  2026-09-25 19:00:05
6   The Dirty Little Secrets of Getting Your Dream...  ...  2026-09-25 19:00:05
7   The Coming Woman: A Novel Based on the Life of...  ...  2026-09-25 19:00:05
8   The Boys in the Boat: Nine Americans and Their...  ...  2026-09-25 19:00:05
9                                     The Black Maria  ...  2026-09-25 19:00:05
10     Starving Hearts (Triangular Trade Trilogy, #1)  ...  2026-09-25 19:00:05
11                              Shakespeare's Sonnets  ...  2026-09-25 19:00:05
12                                        Set Me Free  ...  2026-09-25 19:00:05
13  Scott Pilgrim's Precious Little Life (Scott Pi...  ...  2026-09-25 19:00:05
14                          Rip it Up and Start Again  ...  2026-09-25 19:00:05
15  Our Band Could Be Your Life: Scenes from the A...  ...  2026-09-25 19:00:05
16                                               Olio  ...  2026-09-25 19:00:05
17  Mesaerion: The Best Science Fiction Stories 18...  ...  2026-09-25 19:00:05
18                       Libertarianism for Beginners  ...  2026-09-25 19:00:05
19                            It's Only the Himalayas  ...  2026-09-25 19:00:05

[20 rows x 4 columns]
Data saved to database!

Data from SQLite:
                                   title   price availability
0                   A Light in the Attic  £51.77     In stock
1                     Tipping the Velvet  £53.74     In stock
2                             Soumission  £50.10     In stock
3                          Sharp Objects  £47.82     In stock
4  Sapiens: A Brief History of Humankind  £54.23     In stock

PRICE HISTORY
======================================================================
                                                                                         title  price availability          scraped_at
                                                                          A Light in the Attic  51.77     In stock 2026-09-24 20:14:49
                                                                          A Light in the Attic  40.00     In stock 2026-09-24 20:19:23
                                                                          A Light in the Attic  51.77     In stock 2026-09-25 09:18:33
                                                                          A Light in the Attic  51.77     In stock 2026-09-25 09:28:30
                                                                          A Light in the Attic  51.77     In stock 2026-09-25 10:16:22
                                                                          A Light in the Attic  51.77     In stock 2026-09-25 10:30:32
                                                                          A Light in the Attic  51.77     In stock 2026-09-25 10:37:55
                                                                          A Light in the Attic  51.77     In stock 2026-09-25 10:38:27
                                                                          A Light in the Attic  51.77     In stock 2026-09-25 11:04:52
                                                                          A Light in the Attic  51.77     In stock 2026-09-25 11:25:35
                                                                          A Light in the Attic  51.77     In stock 2026-09-25 11:26:44
                                                                          A Light in the Attic  51.77     In stock 2026-09-25 12:00:06
                                                                          A Light in the Attic  51.77     In stock 2026-09-25 13:00:05
                                                                          A Light in the Attic  51.77     In stock 2026-09-25 17:36:09
                                                                          A Light in the Attic  51.77     In stock 2026-09-25 18:31:32
                                                                          A Light in the Attic  51.77     In stock 2026-09-25 19:00:05
                                                                          A Light in the Attic  51.77     In stock 2026-09-25 19:00:05
                                                                       It's Only the Himalayas  45.17     In stock 2026-09-24 20:14:49
                                                                       It's Only the Himalayas  45.17     In stock 2026-09-24 20:19:23
                                                                       It's Only the Himalayas  45.17     In stock 2026-09-25 09:18:33
                                                                       It's Only the Himalayas  45.17     In stock 2026-09-25 09:28:30
                                                                       It's Only the Himalayas  45.17     In stock 2026-09-25 10:16:22
                                                                       It's Only the Himalayas  45.17     In stock 2026-09-25 10:30:32
                                                                       It's Only the Himalayas  45.17     In stock 2026-09-25 10:37:55
                                                                       It's Only the Himalayas  45.17     In stock 2026-09-25 10:38:27
                                                                       It's Only the Himalayas  45.17     In stock 2026-09-25 11:04:52
                                                                       It's Only the Himalayas  45.17     In stock 2026-09-25 11:25:35
                                                                       It's Only the Himalayas  45.17     In stock 2026-09-25 11:26:44
                                                                       It's Only the Himalayas  45.17     In stock 2026-09-25 12:00:06
                                                                       It's Only the Himalayas  45.17     In stock 2026-09-25 13:00:05
                                                                       It's Only the Himalayas  45.17     In stock 2026-09-25 17:36:09
                                                                       It's Only the Himalayas  45.17     In stock 2026-09-25 18:31:32
                                                                       It's Only the Himalayas  45.17     In stock 2026-09-25 19:00:05
                                                                       It's Only the Himalayas  45.17     In stock 2026-09-25 19:00:05
                                                                  Libertarianism for Beginners  51.33     In stock 2026-09-24 20:14:49
                                                                  Libertarianism for Beginners  51.33     In stock 2026-09-24 20:19:23
                                                                  Libertarianism for Beginners  51.33     In stock 2026-09-25 09:18:33
                                                                  Libertarianism for Beginners  51.33     In stock 2026-09-25 09:28:30
                                                                  Libertarianism for Beginners  51.33     In stock 2026-09-25 10:16:22
                                                                  Libertarianism for Beginners  51.33     In stock 2026-09-25 10:30:32
                                                                  Libertarianism for Beginners  51.33     In stock 2026-09-25 10:37:55
                                                                  Libertarianism for Beginners  51.33     In stock 2026-09-25 10:38:27
                                                                  Libertarianism for Beginners  51.33     In stock 2026-09-25 11:04:52
                                                                  Libertarianism for Beginners  51.33     In stock 2026-09-25 11:25:35
                                                                  Libertarianism for Beginners  51.33     In stock 2026-09-25 11:26:44
                                                                  Libertarianism for Beginners  51.33     In stock 2026-09-25 12:00:06
                                                                  Libertarianism for Beginners  51.33     In stock 2026-09-25 13:00:05
                                                                  Libertarianism for Beginners  51.33     In stock 2026-09-25 17:36:09
                                                                  Libertarianism for Beginners  51.33     In stock 2026-09-25 18:31:32
                                                                  Libertarianism for Beginners  51.33     In stock 2026-09-25 19:00:05
                                                                  Libertarianism for Beginners  51.33     In stock 2026-09-25 19:00:05
                                         Mesaerion: The Best Science Fiction Stories 1800-1849  37.59     In stock 2026-09-24 20:14:49
                                         Mesaerion: The Best Science Fiction Stories 1800-1849  37.59     In stock 2026-09-24 20:19:23
                                         Mesaerion: The Best Science Fiction Stories 1800-1849  37.59     In stock 2026-09-25 09:18:33
                                         Mesaerion: The Best Science Fiction Stories 1800-1849  37.59     In stock 2026-09-25 09:28:30
                                         Mesaerion: The Best Science Fiction Stories 1800-1849  37.59     In stock 2026-09-25 10:16:22
                                         Mesaerion: The Best Science Fiction Stories 1800-1849  37.59     In stock 2026-09-25 10:30:32
                                         Mesaerion: The Best Science Fiction Stories 1800-1849  37.59     In stock 2026-09-25 10:37:55
                                         Mesaerion: The Best Science Fiction Stories 1800-1849  37.59     In stock 2026-09-25 10:38:27
                                         Mesaerion: The Best Science Fiction Stories 1800-1849  37.59     In stock 2026-09-25 11:04:52
                                         Mesaerion: The Best Science Fiction Stories 1800-1849  37.59     In stock 2026-09-25 11:25:35
                                         Mesaerion: The Best Science Fiction Stories 1800-1849  37.59     In stock 2026-09-25 11:26:44
                                         Mesaerion: The Best Science Fiction Stories 1800-1849  37.59     In stock 2026-09-25 12:00:06
                                         Mesaerion: The Best Science Fiction Stories 1800-1849  37.59     In stock 2026-09-25 13:00:05
                                         Mesaerion: The Best Science Fiction Stories 1800-1849  37.59     In stock 2026-09-25 17:36:09
                                         Mesaerion: The Best Science Fiction Stories 1800-1849  37.59     In stock 2026-09-25 18:31:32
                                         Mesaerion: The Best Science Fiction Stories 1800-1849  37.59     In stock 2026-09-25 19:00:05
                                         Mesaerion: The Best Science Fiction Stories 1800-1849  37.59     In stock 2026-09-25 19:00:05
                                                                                          Olio  23.88     In stock 2026-09-24 20:14:49
                                                                                          Olio  23.88     In stock 2026-09-24 20:19:23
                                                                                          Olio  23.88     In stock 2026-09-25 09:18:33
                                                                                          Olio  23.88     In stock 2026-09-25 09:28:30
                                                                                          Olio  23.88     In stock 2026-09-25 10:16:22
                                                                                          Olio  23.88     In stock 2026-09-25 10:30:32
                                                                                          Olio  23.88     In stock 2026-09-25 10:37:55
                                                                                          Olio  23.88     In stock 2026-09-25 10:38:27
                                                                                          Olio  23.88     In stock 2026-09-25 11:04:52
                                                                                          Olio  23.88     In stock 2026-09-25 11:25:35
                                                                                          Olio  23.88     In stock 2026-09-25 11:26:44
                                                                                          Olio  23.88     In stock 2026-09-25 12:00:06
                                                                                          Olio  23.88     In stock 2026-09-25 13:00:05
                                                                                          Olio  23.88     In stock 2026-09-25 17:36:09
                                                                                          Olio  23.88     In stock 2026-09-25 18:31:32
                                                                                          Olio  23.88     In stock 2026-09-25 19:00:05
                                                                                          Olio  23.88     In stock 2026-09-25 19:00:05
            Our Band Could Be Your Life: Scenes from the American Indie Underground, 1981-1991  57.25     In stock 2026-09-24 20:14:49
            Our Band Could Be Your Life: Scenes from the American Indie Underground, 1981-1991  57.25     In stock 2026-09-24 20:19:23
            Our Band Could Be Your Life: Scenes from the American Indie Underground, 1981-1991  57.25     In stock 2026-09-25 09:18:33
            Our Band Could Be Your Life: Scenes from the American Indie Underground, 1981-1991  57.25     In stock 2026-09-25 09:28:30
            Our Band Could Be Your Life: Scenes from the American Indie Underground, 1981-1991  57.25     In stock 2026-09-25 10:16:22
            Our Band Could Be Your Life: Scenes from the American Indie Underground, 1981-1991  57.25     In stock 2026-09-25 10:30:32
            Our Band Could Be Your Life: Scenes from the American Indie Underground, 1981-1991  57.25     In stock 2026-09-25 10:37:55
            Our Band Could Be Your Life: Scenes from the American Indie Underground, 1981-1991  57.25     In stock 2026-09-25 10:38:27
            Our Band Could Be Your Life: Scenes from the American Indie Underground, 1981-1991  57.25     In stock 2026-09-25 11:04:52
            Our Band Could Be Your Life: Scenes from the American Indie Underground, 1981-1991  57.25     In stock 2026-09-25 11:25:35
            Our Band Could Be Your Life: Scenes from the American Indie Underground, 1981-1991  57.25     In stock 2026-09-25 11:26:44
            Our Band Could Be Your Life: Scenes from the American Indie Underground, 1981-1991  57.25     In stock 2026-09-25 12:00:06
            Our Band Could Be Your Life: Scenes from the American Indie Underground, 1981-1991  57.25     In stock 2026-09-25 13:00:05
            Our Band Could Be Your Life: Scenes from the American Indie Underground, 1981-1991  57.25     In stock 2026-09-25 17:36:09
            Our Band Could Be Your Life: Scenes from the American Indie Underground, 1981-1991  57.25     In stock 2026-09-25 18:31:32
            Our Band Could Be Your Life: Scenes from the American Indie Underground, 1981-1991  57.25     In stock 2026-09-25 19:00:05
            Our Band Could Be Your Life: Scenes from the American Indie Underground, 1981-1991  57.25     In stock 2026-09-25 19:00:05
                                                                     Rip it Up and Start Again  35.02     In stock 2026-09-24 20:14:49
                                                                     Rip it Up and Start Again  35.02     In stock 2026-09-24 20:19:23
                                                                     Rip it Up and Start Again  35.02     In stock 2026-09-25 09:18:33
                                                                     Rip it Up and Start Again  35.02     In stock 2026-09-25 09:28:30
                                                                     Rip it Up and Start Again  35.02     In stock 2026-09-25 10:16:22
                                                                     Rip it Up and Start Again  35.02     In stock 2026-09-25 10:30:32
                                                                     Rip it Up and Start Again  35.02     In stock 2026-09-25 10:37:55
                                                                     Rip it Up and Start Again  35.02     In stock 2026-09-25 10:38:27
                                                                     Rip it Up and Start Again  35.02     In stock 2026-09-25 11:04:52
                                                                     Rip it Up and Start Again  35.02     In stock 2026-09-25 11:25:35
                                                                     Rip it Up and Start Again  35.02     In stock 2026-09-25 11:26:44
                                                                     Rip it Up and Start Again  35.02     In stock 2026-09-25 12:00:06
                                                                     Rip it Up and Start Again  35.02     In stock 2026-09-25 13:00:05
                                                                     Rip it Up and Start Again  35.02     In stock 2026-09-25 17:36:09
                                                                     Rip it Up and Start Again  35.02     In stock 2026-09-25 18:31:32
                                                                     Rip it Up and Start Again  35.02     In stock 2026-09-25 19:00:05
                                                                     Rip it Up and Start Again  35.02     In stock 2026-09-25 19:00:05
                                                         Sapiens: A Brief History of Humankind  54.23     In stock 2026-09-24 20:14:49
                                                         Sapiens: A Brief History of Humankind  54.23     In stock 2026-09-24 20:19:23
                                                         Sapiens: A Brief History of Humankind  54.23     In stock 2026-09-25 09:18:33
                                                         Sapiens: A Brief History of Humankind  54.23     In stock 2026-09-25 09:28:30
                                                         Sapiens: A Brief History of Humankind  54.23     In stock 2026-09-25 10:16:22
                                                         Sapiens: A Brief History of Humankind  54.23     In stock 2026-09-25 10:30:32
                                                         Sapiens: A Brief History of Humankind  54.23     In stock 2026-09-25 10:37:55
                                                         Sapiens: A Brief History of Humankind  54.23     In stock 2026-09-25 10:38:27
                                                         Sapiens: A Brief History of Humankind  54.23     In stock 2026-09-25 11:04:52
                                                         Sapiens: A Brief History of Humankind  54.23     In stock 2026-09-25 11:25:35
                                                         Sapiens: A Brief History of Humankind  54.23     In stock 2026-09-25 11:26:44
                                                         Sapiens: A Brief History of Humankind  54.23     In stock 2026-09-25 12:00:06
                                                         Sapiens: A Brief History of Humankind  54.23     In stock 2026-09-25 13:00:05
                                                         Sapiens: A Brief History of Humankind  54.23     In stock 2026-09-25 17:36:09
                                                         Sapiens: A Brief History of Humankind  54.23     In stock 2026-09-25 18:31:32
                                                         Sapiens: A Brief History of Humankind  54.23     In stock 2026-09-25 19:00:05
                                                         Sapiens: A Brief History of Humankind  54.23     In stock 2026-09-25 19:00:05
                                       Scott Pilgrim's Precious Little Life (Scott Pilgrim #1)  52.29     In stock 2026-09-24 20:14:49
                                       Scott Pilgrim's Precious Little Life (Scott Pilgrim #1)  52.29     In stock 2026-09-24 20:19:23
                                       Scott Pilgrim's Precious Little Life (Scott Pilgrim #1)  52.29     In stock 2026-09-25 09:18:33
                                       Scott Pilgrim's Precious Little Life (Scott Pilgrim #1)  52.29     In stock 2026-09-25 09:28:30
                                       Scott Pilgrim's Precious Little Life (Scott Pilgrim #1)  52.29     In stock 2026-09-25 10:16:22
                                       Scott Pilgrim's Precious Little Life (Scott Pilgrim #1)  52.29     In stock 2026-09-25 10:30:32
                                       Scott Pilgrim's Precious Little Life (Scott Pilgrim #1)  52.29     In stock 2026-09-25 10:37:55
                                       Scott Pilgrim's Precious Little Life (Scott Pilgrim #1)  52.29     In stock 2026-09-25 10:38:27
                                       Scott Pilgrim's Precious Little Life (Scott Pilgrim #1)  52.29     In stock 2026-09-25 11:04:52
                                       Scott Pilgrim's Precious Little Life (Scott Pilgrim #1)  52.29     In stock 2026-09-25 11:25:35
                                       Scott Pilgrim's Precious Little Life (Scott Pilgrim #1)  52.29     In stock 2026-09-25 11:26:44
                                       Scott Pilgrim's Precious Little Life (Scott Pilgrim #1)  52.29     In stock 2026-09-25 12:00:06
                                       Scott Pilgrim's Precious Little Life (Scott Pilgrim #1)  52.29     In stock 2026-09-25 13:00:05
                                       Scott Pilgrim's Precious Little Life (Scott Pilgrim #1)  52.29     In stock 2026-09-25 17:36:09
                                       Scott Pilgrim's Precious Little Life (Scott Pilgrim #1)  52.29     In stock 2026-09-25 18:31:32
                                       Scott Pilgrim's Precious Little Life (Scott Pilgrim #1)  52.29     In stock 2026-09-25 19:00:05
                                       Scott Pilgrim's Precious Little Life (Scott Pilgrim #1)  52.29     In stock 2026-09-25 19:00:05
                                                                                   Set Me Free  17.46     In stock 2026-09-24 20:14:49
                                                                                   Set Me Free  17.46     In stock 2026-09-24 20:19:23
                                                                                   Set Me Free  17.46     In stock 2026-09-25 09:18:33
                                                                                   Set Me Free  17.46     In stock 2026-09-25 09:28:30
                                                                                   Set Me Free  17.46     In stock 2026-09-25 10:16:22
                                                                                   Set Me Free  17.46     In stock 2026-09-25 10:30:32
                                                                                   Set Me Free  17.46     In stock 2026-09-25 10:37:55
                                                                                   Set Me Free  17.46     In stock 2026-09-25 10:38:27
                                                                                   Set Me Free  17.46     In stock 2026-09-25 11:04:52
                                                                                   Set Me Free  17.46     In stock 2026-09-25 11:25:35
                                                                                   Set Me Free  17.46     In stock 2026-09-25 11:26:44
                                                                                   Set Me Free  17.46     In stock 2026-09-25 12:00:06
                                                                                   Set Me Free  17.46     In stock 2026-09-25 13:00:05
                                                                                   Set Me Free  17.46     In stock 2026-09-25 17:36:09
                                                                                   Set Me Free  17.46     In stock 2026-09-25 18:31:32
                                                                                   Set Me Free  17.46     In stock 2026-09-25 19:00:05
                                                                                   Set Me Free  17.46     In stock 2026-09-25 19:00:05
                                                                         Shakespeare's Sonnets  20.66     In stock 2026-09-24 20:14:49
                                                                         Shakespeare's Sonnets  20.66     In stock 2026-09-24 20:19:23
                                                                         Shakespeare's Sonnets  20.66     In stock 2026-09-25 09:18:33
                                                                         Shakespeare's Sonnets  20.66     In stock 2026-09-25 09:28:30
                                                                         Shakespeare's Sonnets  20.66     In stock 2026-09-25 10:16:22
                                                                         Shakespeare's Sonnets  20.66     In stock 2026-09-25 10:30:32
                                                                         Shakespeare's Sonnets  20.66     In stock 2026-09-25 10:37:55
                                                                         Shakespeare's Sonnets  20.66     In stock 2026-09-25 10:38:27
                                                                         Shakespeare's Sonnets  20.66     In stock 2026-09-25 11:04:52
                                                                         Shakespeare's Sonnets  20.66     In stock 2026-09-25 11:25:35
                                                                         Shakespeare's Sonnets  20.66     In stock 2026-09-25 11:26:44
                                                                         Shakespeare's Sonnets  20.66     In stock 2026-09-25 12:00:06
                                                                         Shakespeare's Sonnets  20.66     In stock 2026-09-25 13:00:05
                                                                         Shakespeare's Sonnets  20.66     In stock 2026-09-25 17:36:09
                                                                         Shakespeare's Sonnets  20.66     In stock 2026-09-25 18:31:32
                                                                         Shakespeare's Sonnets  20.66     In stock 2026-09-25 19:00:05
                                                                         Shakespeare's Sonnets  20.66     In stock 2026-09-25 19:00:05
                                                                                 Sharp Objects  47.82     In stock 2026-09-24 20:14:49
                                                                                 Sharp Objects  47.82     In stock 2026-09-24 20:19:23
                                                                                 Sharp Objects  47.82     In stock 2026-09-25 09:18:33
                                                                                 Sharp Objects  47.82     In stock 2026-09-25 09:28:30
                                                                                 Sharp Objects  47.82     In stock 2026-09-25 10:16:22
                                                                                 Sharp Objects  47.82     In stock 2026-09-25 10:30:32
                                                                                 Sharp Objects  47.82     In stock 2026-09-25 10:37:55
                                                                                 Sharp Objects  47.82     In stock 2026-09-25 10:38:27
                                                                                 Sharp Objects  47.82     In stock 2026-09-25 11:04:52
                                                                                 Sharp Objects  47.82     In stock 2026-09-25 11:25:35
                                                                                 Sharp Objects  47.82     In stock 2026-09-25 11:26:44
                                                                                 Sharp Objects  47.82     In stock 2026-09-25 12:00:06
                                                                                 Sharp Objects  47.82     In stock 2026-09-25 13:00:05
                                                                                 Sharp Objects  47.82     In stock 2026-09-25 17:36:09
                                                                                 Sharp Objects  47.82     In stock 2026-09-25 18:31:32
                                                                                 Sharp Objects  47.82     In stock 2026-09-25 19:00:05
                                                                                 Sharp Objects  47.82     In stock 2026-09-25 19:00:05
                                                                                    Soumission  50.10     In stock 2026-09-24 20:14:49
                                                                                    Soumission  50.10     In stock 2026-09-24 20:19:23
                                                                                    Soumission  50.10     In stock 2026-09-25 09:18:33
                                                                                    Soumission  50.10     In stock 2026-09-25 09:28:30
                                                                                    Soumission  50.10     In stock 2026-09-25 10:16:22
                                                                                    Soumission  50.10     In stock 2026-09-25 10:30:32
                                                                                    Soumission  50.10     In stock 2026-09-25 10:37:55
                                                                                    Soumission  50.10     In stock 2026-09-25 10:38:27
                                                                                    Soumission  50.10     In stock 2026-09-25 11:04:52
                                                                                    Soumission  50.10     In stock 2026-09-25 11:25:35
                                                                                    Soumission  50.10     In stock 2026-09-25 11:26:44
                                                                                    Soumission  50.10     In stock 2026-09-25 12:00:06
                                                                                    Soumission  50.10     In stock 2026-09-25 13:00:05
                                                                                    Soumission  50.10     In stock 2026-09-25 17:36:09
                                                                                    Soumission  50.10     In stock 2026-09-25 18:31:32
                                                                                    Soumission  50.10     In stock 2026-09-25 19:00:05
                                                                                    Soumission  50.10     In stock 2026-09-25 19:00:05
                                                Starving Hearts (Triangular Trade Trilogy, #1)  13.99     In stock 2026-09-24 20:14:49
                                                Starving Hearts (Triangular Trade Trilogy, #1)  13.99     In stock 2026-09-24 20:19:23
                                                Starving Hearts (Triangular Trade Trilogy, #1)  13.99     In stock 2026-09-25 09:18:33
                                                Starving Hearts (Triangular Trade Trilogy, #1)  13.99     In stock 2026-09-25 09:28:30
                                                Starving Hearts (Triangular Trade Trilogy, #1)  13.99     In stock 2026-09-25 10:16:22
                                                Starving Hearts (Triangular Trade Trilogy, #1)  13.99     In stock 2026-09-25 10:30:32
                                                Starving Hearts (Triangular Trade Trilogy, #1)  13.99     In stock 2026-09-25 10:37:55
                                                Starving Hearts (Triangular Trade Trilogy, #1)  13.99     In stock 2026-09-25 10:38:27
                                                Starving Hearts (Triangular Trade Trilogy, #1)  13.99     In stock 2026-09-25 11:04:52
                                                Starving Hearts (Triangular Trade Trilogy, #1)  13.99     In stock 2026-09-25 11:25:35
                                                Starving Hearts (Triangular Trade Trilogy, #1)  13.99     In stock 2026-09-25 11:26:44
                                                Starving Hearts (Triangular Trade Trilogy, #1)  13.99     In stock 2026-09-25 12:00:06
                                                Starving Hearts (Triangular Trade Trilogy, #1)  13.99     In stock 2026-09-25 13:00:05
                                                Starving Hearts (Triangular Trade Trilogy, #1)  13.99     In stock 2026-09-25 17:36:09
                                                Starving Hearts (Triangular Trade Trilogy, #1)  13.99     In stock 2026-09-25 18:31:32
                                                Starving Hearts (Triangular Trade Trilogy, #1)  13.99     In stock 2026-09-25 19:00:05
                                                Starving Hearts (Triangular Trade Trilogy, #1)  13.99     In stock 2026-09-25 19:00:05
                                                                               The Black Maria  52.15     In stock 2026-09-24 20:14:49
                                                                               The Black Maria  45.00     In stock 2026-09-24 20:19:23
                                                                               The Black Maria  52.15     In stock 2026-09-25 09:18:33
                                                                               The Black Maria  52.15     In stock 2026-09-25 09:28:30
                                                                               The Black Maria  52.15     In stock 2026-09-25 10:16:22
                                                                               The Black Maria  52.15     In stock 2026-09-25 10:30:32
                                                                               The Black Maria  52.15     In stock 2026-09-25 10:37:55
                                                                               The Black Maria  52.15     In stock 2026-09-25 10:38:27
                                                                               The Black Maria  52.15     In stock 2026-09-25 11:04:52
                                                                               The Black Maria  52.15     In stock 2026-09-25 11:25:35
                                                                               The Black Maria  52.15     In stock 2026-09-25 11:26:44
                                                                               The Black Maria  52.15     In stock 2026-09-25 12:00:06
                                                                               The Black Maria  52.15     In stock 2026-09-25 13:00:05
                                                                               The Black Maria  52.15     In stock 2026-09-25 17:36:09
                                                                               The Black Maria  52.15     In stock 2026-09-25 18:31:32
                                                                               The Black Maria  52.15     In stock 2026-09-25 19:00:05
                                                                               The Black Maria  52.15     In stock 2026-09-25 19:00:05
The Boys in the Boat: Nine Americans and Their Epic Quest for Gold at the 1936 Berlin Olympics  22.60     In stock 2026-09-24 20:14:49
The Boys in the Boat: Nine Americans and Their Epic Quest for Gold at the 1936 Berlin Olympics  22.60     In stock 2026-09-24 20:19:23
The Boys in the Boat: Nine Americans and Their Epic Quest for Gold at the 1936 Berlin Olympics  22.60     In stock 2026-09-25 09:18:33
The Boys in the Boat: Nine Americans and Their Epic Quest for Gold at the 1936 Berlin Olympics  22.60     In stock 2026-09-25 09:28:30
The Boys in the Boat: Nine Americans and Their Epic Quest for Gold at the 1936 Berlin Olympics  22.60     In stock 2026-09-25 10:16:22
The Boys in the Boat: Nine Americans and Their Epic Quest for Gold at the 1936 Berlin Olympics  22.60     In stock 2026-09-25 10:30:32
The Boys in the Boat: Nine Americans and Their Epic Quest for Gold at the 1936 Berlin Olympics  22.60     In stock 2026-09-25 10:37:55
The Boys in the Boat: Nine Americans and Their Epic Quest for Gold at the 1936 Berlin Olympics  22.60     In stock 2026-09-25 10:38:27
The Boys in the Boat: Nine Americans and Their Epic Quest for Gold at the 1936 Berlin Olympics  22.60     In stock 2026-09-25 11:04:52
The Boys in the Boat: Nine Americans and Their Epic Quest for Gold at the 1936 Berlin Olympics  22.60     In stock 2026-09-25 11:25:35
The Boys in the Boat: Nine Americans and Their Epic Quest for Gold at the 1936 Berlin Olympics  22.60     In stock 2026-09-25 11:26:44
The Boys in the Boat: Nine Americans and Their Epic Quest for Gold at the 1936 Berlin Olympics  22.60     In stock 2026-09-25 12:00:06
The Boys in the Boat: Nine Americans and Their Epic Quest for Gold at the 1936 Berlin Olympics  22.60     In stock 2026-09-25 13:00:05
The Boys in the Boat: Nine Americans and Their Epic Quest for Gold at the 1936 Berlin Olympics  22.60     In stock 2026-09-25 17:36:09
The Boys in the Boat: Nine Americans and Their Epic Quest for Gold at the 1936 Berlin Olympics  22.60     In stock 2026-09-25 18:31:32
The Boys in the Boat: Nine Americans and Their Epic Quest for Gold at the 1936 Berlin Olympics  22.60     In stock 2026-09-25 19:00:05
The Boys in the Boat: Nine Americans and Their Epic Quest for Gold at the 1936 Berlin Olympics  22.60     In stock 2026-09-25 19:00:05
       The Coming Woman: A Novel Based on the Life of the Infamous Feminist, Victoria Woodhull  17.93     In stock 2026-09-24 20:14:49
       The Coming Woman: A Novel Based on the Life of the Infamous Feminist, Victoria Woodhull  17.93     In stock 2026-09-24 20:19:23
       The Coming Woman: A Novel Based on the Life of the Infamous Feminist, Victoria Woodhull  17.93     In stock 2026-09-25 09:18:33
       The Coming Woman: A Novel Based on the Life of the Infamous Feminist, Victoria Woodhull  17.93     In stock 2026-09-25 09:28:30
       The Coming Woman: A Novel Based on the Life of the Infamous Feminist, Victoria Woodhull  17.93     In stock 2026-09-25 10:16:22
       The Coming Woman: A Novel Based on the Life of the Infamous Feminist, Victoria Woodhull  17.93     In stock 2026-09-25 10:30:32
       The Coming Woman: A Novel Based on the Life of the Infamous Feminist, Victoria Woodhull  17.93     In stock 2026-09-25 10:37:55
       The Coming Woman: A Novel Based on the Life of the Infamous Feminist, Victoria Woodhull  17.93     In stock 2026-09-25 10:38:27
       The Coming Woman: A Novel Based on the Life of the Infamous Feminist, Victoria Woodhull  17.93     In stock 2026-09-25 11:04:52
       The Coming Woman: A Novel Based on the Life of the Infamous Feminist, Victoria Woodhull  17.93     In stock 2026-09-25 11:25:35
       The Coming Woman: A Novel Based on the Life of the Infamous Feminist, Victoria Woodhull  17.93     In stock 2026-09-25 11:26:44
       The Coming Woman: A Novel Based on the Life of the Infamous Feminist, Victoria Woodhull  17.93     In stock 2026-09-25 12:00:06
       The Coming Woman: A Novel Based on the Life of the Infamous Feminist, Victoria Woodhull  17.93     In stock 2026-09-25 13:00:05
       The Coming Woman: A Novel Based on the Life of the Infamous Feminist, Victoria Woodhull  17.93     In stock 2026-09-25 17:36:09
       The Coming Woman: A Novel Based on the Life of the Infamous Feminist, Victoria Woodhull  17.93     In stock 2026-09-25 18:31:32
       The Coming Woman: A Novel Based on the Life of the Infamous Feminist, Victoria Woodhull  17.93     In stock 2026-09-25 19:00:05
       The Coming Woman: A Novel Based on the Life of the Infamous Feminist, Victoria Woodhull  17.93     In stock 2026-09-25 19:00:05
                                            The Dirty Little Secrets of Getting Your Dream Job  33.34     In stock 2026-09-24 20:14:49
                                            The Dirty Little Secrets of Getting Your Dream Job  33.34     In stock 2026-09-24 20:19:23
                                            The Dirty Little Secrets of Getting Your Dream Job  33.34     In stock 2026-09-25 09:18:33
                                            The Dirty Little Secrets of Getting Your Dream Job  33.34     In stock 2026-09-25 09:28:30
                                            The Dirty Little Secrets of Getting Your Dream Job  33.34     In stock 2026-09-25 10:16:22
                                            The Dirty Little Secrets of Getting Your Dream Job  33.34     In stock 2026-09-25 10:30:32
                                            The Dirty Little Secrets of Getting Your Dream Job  33.34     In stock 2026-09-25 10:37:55
                                            The Dirty Little Secrets of Getting Your Dream Job  33.34     In stock 2026-09-25 10:38:27
                                            The Dirty Little Secrets of Getting Your Dream Job  33.34     In stock 2026-09-25 11:04:52
                                            The Dirty Little Secrets of Getting Your Dream Job  33.34     In stock 2026-09-25 11:25:35
                                            The Dirty Little Secrets of Getting Your Dream Job  33.34     In stock 2026-09-25 11:26:44
                                            The Dirty Little Secrets of Getting Your Dream Job  33.34     In stock 2026-09-25 12:00:06
                                            The Dirty Little Secrets of Getting Your Dream Job  33.34     In stock 2026-09-25 13:00:05
                                            The Dirty Little Secrets of Getting Your Dream Job  33.34     In stock 2026-09-25 17:36:09
                                            The Dirty Little Secrets of Getting Your Dream Job  33.34     In stock 2026-09-25 18:31:32
                                            The Dirty Little Secrets of Getting Your Dream Job  33.34     In stock 2026-09-25 19:00:05
                                            The Dirty Little Secrets of Getting Your Dream Job  33.34     In stock 2026-09-25 19:00:05
                                                                               The Requiem Red  22.65     In stock 2026-09-24 20:14:49
                                                                               The Requiem Red  22.65     In stock 2026-09-24 20:19:23
                                                                               The Requiem Red  22.65     In stock 2026-09-25 09:18:33
                                                                               The Requiem Red  22.65     In stock 2026-09-25 09:28:30
                                                                               The Requiem Red  22.65     In stock 2026-09-25 10:16:22
                                                                               The Requiem Red  22.65     In stock 2026-09-25 10:30:32
                                                                               The Requiem Red  22.65     In stock 2026-09-25 10:37:55
                                                                               The Requiem Red  22.65     In stock 2026-09-25 10:38:27
                                                                               The Requiem Red  22.65     In stock 2026-09-25 11:04:52
                                                                               The Requiem Red  22.65     In stock 2026-09-25 11:25:35
                                                                               The Requiem Red  22.65     In stock 2026-09-25 11:26:44
                                                                               The Requiem Red  22.65     In stock 2026-09-25 12:00:06
                                                                               The Requiem Red  22.65     In stock 2026-09-25 13:00:05
                                                                               The Requiem Red  22.65     In stock 2026-09-25 17:36:09
                                                                               The Requiem Red  22.65     In stock 2026-09-25 18:31:32
                                                                               The Requiem Red  22.65     In stock 2026-09-25 19:00:05
                                                                               The Requiem Red  22.65     In stock 2026-09-25 19:00:05
                                                                            Tipping the Velvet  53.74     In stock 2026-09-24 20:14:49
                                                                            Tipping the Velvet  53.74     In stock 2026-09-24 20:19:23
                                                                            Tipping the Velvet  53.74     In stock 2026-09-25 09:18:33
                                                                            Tipping the Velvet  53.74     In stock 2026-09-25 09:28:30
                                                                            Tipping the Velvet  53.74     In stock 2026-09-25 10:16:22
                                                                            Tipping the Velvet  53.74     In stock 2026-09-25 10:30:32
                                                                            Tipping the Velvet  53.74     In stock 2026-09-25 10:37:55
                                                                            Tipping the Velvet  53.74     In stock 2026-09-25 10:38:27
                                                                            Tipping the Velvet  53.74     In stock 2026-09-25 11:04:52
                                                                            Tipping the Velvet  53.74     In stock 2026-09-25 11:25:35
                                                                            Tipping the Velvet  53.74     In stock 2026-09-25 11:26:44
                                                                            Tipping the Velvet  53.74     In stock 2026-09-25 12:00:06
                                                                            Tipping the Velvet  53.74     In stock 2026-09-25 13:00:05
                                                                            Tipping the Velvet  53.74     In stock 2026-09-25 17:36:09
                                                                            Tipping the Velvet  53.74     In stock 2026-09-25 18:31:32
                                                                            Tipping the Velvet  53.74     In stock 2026-09-25 19:00:05
                                                                            Tipping the Velvet  53.74     In stock 2026-09-25 19:00:05


PRICE DROP CHECK
======================================================================

========== PRICE TRACKER RUN ==========

1. Scraping prices...

2. Checking price drops...

========== RUN COMPLETE ==========

Status: 200
                                                title  ...           scraped_at
0                                A Light in the Attic  ...  2026-09-25 19:15:06
1                                  Tipping the Velvet  ...  2026-09-25 19:15:06
2                                          Soumission  ...  2026-09-25 19:15:06
3                                       Sharp Objects  ...  2026-09-25 19:15:06
4               Sapiens: A Brief History of Humankind  ...  2026-09-25 19:15:06
5                                     The Requiem Red  ...  2026-09-25 19:15:06
6   The Dirty Little Secrets of Getting Your Dream...  ...  2026-09-25 19:15:06
7   The Coming Woman: A Novel Based on the Life of...  ...  2026-09-25 19:15:06
8   The Boys in the Boat: Nine Americans and Their...  ...  2026-09-25 19:15:06
9                                     The Black Maria  ...  2026-09-25 19:15:06
10     Starving Hearts (Triangular Trade Trilogy, #1)  ...  2026-09-25 19:15:06
11                              Shakespeare's Sonnets  ...  2026-09-25 19:15:06
12                                        Set Me Free  ...  2026-09-25 19:15:06
13  Scott Pilgrim's Precious Little Life (Scott Pi...  ...  2026-09-25 19:15:06
14                          Rip it Up and Start Again  ...  2026-09-25 19:15:06
15  Our Band Could Be Your Life: Scenes from the A...  ...  2026-09-25 19:15:06
16                                               Olio  ...  2026-09-25 19:15:06
17  Mesaerion: The Best Science Fiction Stories 18...  ...  2026-09-25 19:15:06
18                       Libertarianism for Beginners  ...  2026-09-25 19:15:06
19                            It's Only the Himalayas  ...  2026-09-25 19:15:06

[20 rows x 4 columns]
Data saved to database!

Data from SQLite:
                                   title   price availability
0                   A Light in the Attic  £51.77     In stock
1                     Tipping the Velvet  £53.74     In stock
2                             Soumission  £50.10     In stock
3                          Sharp Objects  £47.82     In stock
4  Sapiens: A Brief History of Humankind  £54.23     In stock

PRICE HISTORY
======================================================================
                                                                                         title  price availability          scraped_at
                                                                          A Light in the Attic  51.77     In stock 2026-09-24 20:14:49
                                                                          A Light in the Attic  40.00     In stock 2026-09-24 20:19:23
                                                                          A Light in the Attic  51.77     In stock 2026-09-25 09:18:33
                                                                          A Light in the Attic  51.77     In stock 2026-09-25 09:28:30
                                                                          A Light in the Attic  51.77     In stock 2026-09-25 10:16:22
                                                                          A Light in the Attic  51.77     In stock 2026-09-25 10:30:32
                                                                          A Light in the Attic  51.77     In stock 2026-09-25 10:37:55
                                                                          A Light in the Attic  51.77     In stock 2026-09-25 10:38:27
                                                                          A Light in the Attic  51.77     In stock 2026-09-25 11:04:52
                                                                          A Light in the Attic  51.77     In stock 2026-09-25 11:25:35
                                                                          A Light in the Attic  51.77     In stock 2026-09-25 11:26:44
                                                                          A Light in the Attic  51.77     In stock 2026-09-25 12:00:06
                                                                          A Light in the Attic  51.77     In stock 2026-09-25 13:00:05
                                                                          A Light in the Attic  51.77     In stock 2026-09-25 17:36:09
                                                                          A Light in the Attic  51.77     In stock 2026-09-25 18:31:32
                                                                          A Light in the Attic  51.77     In stock 2026-09-25 19:00:05
                                                                          A Light in the Attic  51.77     In stock 2026-09-25 19:00:05
                                                                          A Light in the Attic  51.77     In stock 2026-09-25 19:15:06
                                                                       It's Only the Himalayas  45.17     In stock 2026-09-24 20:14:49
                                                                       It's Only the Himalayas  45.17     In stock 2026-09-24 20:19:23
                                                                       It's Only the Himalayas  45.17     In stock 2026-09-25 09:18:33
                                                                       It's Only the Himalayas  45.17     In stock 2026-09-25 09:28:30
                                                                       It's Only the Himalayas  45.17     In stock 2026-09-25 10:16:22
                                                                       It's Only the Himalayas  45.17     In stock 2026-09-25 10:30:32
                                                                       It's Only the Himalayas  45.17     In stock 2026-09-25 10:37:55
                                                                       It's Only the Himalayas  45.17     In stock 2026-09-25 10:38:27
                                                                       It's Only the Himalayas  45.17     In stock 2026-09-25 11:04:52
                                                                       It's Only the Himalayas  45.17     In stock 2026-09-25 11:25:35
                                                                       It's Only the Himalayas  45.17     In stock 2026-09-25 11:26:44
                                                                       It's Only the Himalayas  45.17     In stock 2026-09-25 12:00:06
                                                                       It's Only the Himalayas  45.17     In stock 2026-09-25 13:00:05
                                                                       It's Only the Himalayas  45.17     In stock 2026-09-25 17:36:09
                                                                       It's Only the Himalayas  45.17     In stock 2026-09-25 18:31:32
                                                                       It's Only the Himalayas  45.17     In stock 2026-09-25 19:00:05
                                                                       It's Only the Himalayas  45.17     In stock 2026-09-25 19:00:05
                                                                       It's Only the Himalayas  45.17     In stock 2026-09-25 19:15:06
                                                                  Libertarianism for Beginners  51.33     In stock 2026-09-24 20:14:49
                                                                  Libertarianism for Beginners  51.33     In stock 2026-09-24 20:19:23
                                                                  Libertarianism for Beginners  51.33     In stock 2026-09-25 09:18:33
                                                                  Libertarianism for Beginners  51.33     In stock 2026-09-25 09:28:30
                                                                  Libertarianism for Beginners  51.33     In stock 2026-09-25 10:16:22
                                                                  Libertarianism for Beginners  51.33     In stock 2026-09-25 10:30:32
                                                                  Libertarianism for Beginners  51.33     In stock 2026-09-25 10:37:55
                                                                  Libertarianism for Beginners  51.33     In stock 2026-09-25 10:38:27
                                                                  Libertarianism for Beginners  51.33     In stock 2026-09-25 11:04:52
                                                                  Libertarianism for Beginners  51.33     In stock 2026-09-25 11:25:35
                                                                  Libertarianism for Beginners  51.33     In stock 2026-09-25 11:26:44
                                                                  Libertarianism for Beginners  51.33     In stock 2026-09-25 12:00:06
                                                                  Libertarianism for Beginners  51.33     In stock 2026-09-25 13:00:05
                                                                  Libertarianism for Beginners  51.33     In stock 2026-09-25 17:36:09
                                                                  Libertarianism for Beginners  51.33     In stock 2026-09-25 18:31:32
                                                                  Libertarianism for Beginners  51.33     In stock 2026-09-25 19:00:05
                                                                  Libertarianism for Beginners  51.33     In stock 2026-09-25 19:00:05
                                                                  Libertarianism for Beginners  51.33     In stock 2026-09-25 19:15:06
                                         Mesaerion: The Best Science Fiction Stories 1800-1849  37.59     In stock 2026-09-24 20:14:49
                                         Mesaerion: The Best Science Fiction Stories 1800-1849  37.59     In stock 2026-09-24 20:19:23
                                         Mesaerion: The Best Science Fiction Stories 1800-1849  37.59     In stock 2026-09-25 09:18:33
                                         Mesaerion: The Best Science Fiction Stories 1800-1849  37.59     In stock 2026-09-25 09:28:30
                                         Mesaerion: The Best Science Fiction Stories 1800-1849  37.59     In stock 2026-09-25 10:16:22
                                         Mesaerion: The Best Science Fiction Stories 1800-1849  37.59     In stock 2026-09-25 10:30:32
                                         Mesaerion: The Best Science Fiction Stories 1800-1849  37.59     In stock 2026-09-25 10:37:55
                                         Mesaerion: The Best Science Fiction Stories 1800-1849  37.59     In stock 2026-09-25 10:38:27
                                         Mesaerion: The Best Science Fiction Stories 1800-1849  37.59     In stock 2026-09-25 11:04:52
                                         Mesaerion: The Best Science Fiction Stories 1800-1849  37.59     In stock 2026-09-25 11:25:35
                                         Mesaerion: The Best Science Fiction Stories 1800-1849  37.59     In stock 2026-09-25 11:26:44
                                         Mesaerion: The Best Science Fiction Stories 1800-1849  37.59     In stock 2026-09-25 12:00:06
                                         Mesaerion: The Best Science Fiction Stories 1800-1849  37.59     In stock 2026-09-25 13:00:05
                                         Mesaerion: The Best Science Fiction Stories 1800-1849  37.59     In stock 2026-09-25 17:36:09
                                         Mesaerion: The Best Science Fiction Stories 1800-1849  37.59     In stock 2026-09-25 18:31:32
                                         Mesaerion: The Best Science Fiction Stories 1800-1849  37.59     In stock 2026-09-25 19:00:05
                                         Mesaerion: The Best Science Fiction Stories 1800-1849  37.59     In stock 2026-09-25 19:00:05
                                         Mesaerion: The Best Science Fiction Stories 1800-1849  37.59     In stock 2026-09-25 19:15:06
                                                                                          Olio  23.88     In stock 2026-09-24 20:14:49
                                                                                          Olio  23.88     In stock 2026-09-24 20:19:23
                                                                                          Olio  23.88     In stock 2026-09-25 09:18:33
                                                                                          Olio  23.88     In stock 2026-09-25 09:28:30
                                                                                          Olio  23.88     In stock 2026-09-25 10:16:22
                                                                                          Olio  23.88     In stock 2026-09-25 10:30:32
                                                                                          Olio  23.88     In stock 2026-09-25 10:37:55
                                                                                          Olio  23.88     In stock 2026-09-25 10:38:27
                                                                                          Olio  23.88     In stock 2026-09-25 11:04:52
                                                                                          Olio  23.88     In stock 2026-09-25 11:25:35
                                                                                          Olio  23.88     In stock 2026-09-25 11:26:44
                                                                                          Olio  23.88     In stock 2026-09-25 12:00:06
                                                                                          Olio  23.88     In stock 2026-09-25 13:00:05
                                                                                          Olio  23.88     In stock 2026-09-25 17:36:09
                                                                                          Olio  23.88     In stock 2026-09-25 18:31:32
                                                                                          Olio  23.88     In stock 2026-09-25 19:00:05
                                                                                          Olio  23.88     In stock 2026-09-25 19:00:05
                                                                                          Olio  23.88     In stock 2026-09-25 19:15:06
            Our Band Could Be Your Life: Scenes from the American Indie Underground, 1981-1991  57.25     In stock 2026-09-24 20:14:49
            Our Band Could Be Your Life: Scenes from the American Indie Underground, 1981-1991  57.25     In stock 2026-09-24 20:19:23
            Our Band Could Be Your Life: Scenes from the American Indie Underground, 1981-1991  57.25     In stock 2026-09-25 09:18:33
            Our Band Could Be Your Life: Scenes from the American Indie Underground, 1981-1991  57.25     In stock 2026-09-25 09:28:30
            Our Band Could Be Your Life: Scenes from the American Indie Underground, 1981-1991  57.25     In stock 2026-09-25 10:16:22
            Our Band Could Be Your Life: Scenes from the American Indie Underground, 1981-1991  57.25     In stock 2026-09-25 10:30:32
            Our Band Could Be Your Life: Scenes from the American Indie Underground, 1981-1991  57.25     In stock 2026-09-25 10:37:55
            Our Band Could Be Your Life: Scenes from the American Indie Underground, 1981-1991  57.25     In stock 2026-09-25 10:38:27
            Our Band Could Be Your Life: Scenes from the American Indie Underground, 1981-1991  57.25     In stock 2026-09-25 11:04:52
            Our Band Could Be Your Life: Scenes from the American Indie Underground, 1981-1991  57.25     In stock 2026-09-25 11:25:35
            Our Band Could Be Your Life: Scenes from the American Indie Underground, 1981-1991  57.25     In stock 2026-09-25 11:26:44
            Our Band Could Be Your Life: Scenes from the American Indie Underground, 1981-1991  57.25     In stock 2026-09-25 12:00:06
            Our Band Could Be Your Life: Scenes from the American Indie Underground, 1981-1991  57.25     In stock 2026-09-25 13:00:05
            Our Band Could Be Your Life: Scenes from the American Indie Underground, 1981-1991  57.25     In stock 2026-09-25 17:36:09
            Our Band Could Be Your Life: Scenes from the American Indie Underground, 1981-1991  57.25     In stock 2026-09-25 18:31:32
            Our Band Could Be Your Life: Scenes from the American Indie Underground, 1981-1991  57.25     In stock 2026-09-25 19:00:05
            Our Band Could Be Your Life: Scenes from the American Indie Underground, 1981-1991  57.25     In stock 2026-09-25 19:00:05
            Our Band Could Be Your Life: Scenes from the American Indie Underground, 1981-1991  57.25     In stock 2026-09-25 19:15:06
                                                                     Rip it Up and Start Again  35.02     In stock 2026-09-24 20:14:49
                                                                     Rip it Up and Start Again  35.02     In stock 2026-09-24 20:19:23
                                                                     Rip it Up and Start Again  35.02     In stock 2026-09-25 09:18:33
                                                                     Rip it Up and Start Again  35.02     In stock 2026-09-25 09:28:30
                                                                     Rip it Up and Start Again  35.02     In stock 2026-09-25 10:16:22
                                                                     Rip it Up and Start Again  35.02     In stock 2026-09-25 10:30:32
                                                                     Rip it Up and Start Again  35.02     In stock 2026-09-25 10:37:55
                                                                     Rip it Up and Start Again  35.02     In stock 2026-09-25 10:38:27
                                                                     Rip it Up and Start Again  35.02     In stock 2026-09-25 11:04:52
                                                                     Rip it Up and Start Again  35.02     In stock 2026-09-25 11:25:35
                                                                     Rip it Up and Start Again  35.02     In stock 2026-09-25 11:26:44
                                                                     Rip it Up and Start Again  35.02     In stock 2026-09-25 12:00:06
                                                                     Rip it Up and Start Again  35.02     In stock 2026-09-25 13:00:05
                                                                     Rip it Up and Start Again  35.02     In stock 2026-09-25 17:36:09
                                                                     Rip it Up and Start Again  35.02     In stock 2026-09-25 18:31:32
                                                                     Rip it Up and Start Again  35.02     In stock 2026-09-25 19:00:05
                                                                     Rip it Up and Start Again  35.02     In stock 2026-09-25 19:00:05
                                                                     Rip it Up and Start Again  35.02     In stock 2026-09-25 19:15:06
                                                         Sapiens: A Brief History of Humankind  54.23     In stock 2026-09-24 20:14:49
                                                         Sapiens: A Brief History of Humankind  54.23     In stock 2026-09-24 20:19:23
                                                         Sapiens: A Brief History of Humankind  54.23     In stock 2026-09-25 09:18:33
                                                         Sapiens: A Brief History of Humankind  54.23     In stock 2026-09-25 09:28:30
                                                         Sapiens: A Brief History of Humankind  54.23     In stock 2026-09-25 10:16:22
                                                         Sapiens: A Brief History of Humankind  54.23     In stock 2026-09-25 10:30:32
                                                         Sapiens: A Brief History of Humankind  54.23     In stock 2026-09-25 10:37:55
                                                         Sapiens: A Brief History of Humankind  54.23     In stock 2026-09-25 10:38:27
                                                         Sapiens: A Brief History of Humankind  54.23     In stock 2026-09-25 11:04:52
                                                         Sapiens: A Brief History of Humankind  54.23     In stock 2026-09-25 11:25:35
                                                         Sapiens: A Brief History of Humankind  54.23     In stock 2026-09-25 11:26:44
                                                         Sapiens: A Brief History of Humankind  54.23     In stock 2026-09-25 12:00:06
                                                         Sapiens: A Brief History of Humankind  54.23     In stock 2026-09-25 13:00:05
                                                         Sapiens: A Brief History of Humankind  54.23     In stock 2026-09-25 17:36:09
                                                         Sapiens: A Brief History of Humankind  54.23     In stock 2026-09-25 18:31:32
                                                         Sapiens: A Brief History of Humankind  54.23     In stock 2026-09-25 19:00:05
                                                         Sapiens: A Brief History of Humankind  54.23     In stock 2026-09-25 19:00:05
                                                         Sapiens: A Brief History of Humankind  54.23     In stock 2026-09-25 19:15:06
                                       Scott Pilgrim's Precious Little Life (Scott Pilgrim #1)  52.29     In stock 2026-09-24 20:14:49
                                       Scott Pilgrim's Precious Little Life (Scott Pilgrim #1)  52.29     In stock 2026-09-24 20:19:23
                                       Scott Pilgrim's Precious Little Life (Scott Pilgrim #1)  52.29     In stock 2026-09-25 09:18:33
                                       Scott Pilgrim's Precious Little Life (Scott Pilgrim #1)  52.29     In stock 2026-09-25 09:28:30
                                       Scott Pilgrim's Precious Little Life (Scott Pilgrim #1)  52.29     In stock 2026-09-25 10:16:22
                                       Scott Pilgrim's Precious Little Life (Scott Pilgrim #1)  52.29     In stock 2026-09-25 10:30:32
                                       Scott Pilgrim's Precious Little Life (Scott Pilgrim #1)  52.29     In stock 2026-09-25 10:37:55
                                       Scott Pilgrim's Precious Little Life (Scott Pilgrim #1)  52.29     In stock 2026-09-25 10:38:27
                                       Scott Pilgrim's Precious Little Life (Scott Pilgrim #1)  52.29     In stock 2026-09-25 11:04:52
                                       Scott Pilgrim's Precious Little Life (Scott Pilgrim #1)  52.29     In stock 2026-09-25 11:25:35
                                       Scott Pilgrim's Precious Little Life (Scott Pilgrim #1)  52.29     In stock 2026-09-25 11:26:44
                                       Scott Pilgrim's Precious Little Life (Scott Pilgrim #1)  52.29     In stock 2026-09-25 12:00:06
                                       Scott Pilgrim's Precious Little Life (Scott Pilgrim #1)  52.29     In stock 2026-09-25 13:00:05
                                       Scott Pilgrim's Precious Little Life (Scott Pilgrim #1)  52.29     In stock 2026-09-25 17:36:09
                                       Scott Pilgrim's Precious Little Life (Scott Pilgrim #1)  52.29     In stock 2026-09-25 18:31:32
                                       Scott Pilgrim's Precious Little Life (Scott Pilgrim #1)  52.29     In stock 2026-09-25 19:00:05
                                       Scott Pilgrim's Precious Little Life (Scott Pilgrim #1)  52.29     In stock 2026-09-25 19:00:05
                                       Scott Pilgrim's Precious Little Life (Scott Pilgrim #1)  52.29     In stock 2026-09-25 19:15:06
                                                                                   Set Me Free  17.46     In stock 2026-09-24 20:14:49
                                                                                   Set Me Free  17.46     In stock 2026-09-24 20:19:23
                                                                                   Set Me Free  17.46     In stock 2026-09-25 09:18:33
                                                                                   Set Me Free  17.46     In stock 2026-09-25 09:28:30
                                                                                   Set Me Free  17.46     In stock 2026-09-25 10:16:22
                                                                                   Set Me Free  17.46     In stock 2026-09-25 10:30:32
                                                                                   Set Me Free  17.46     In stock 2026-09-25 10:37:55
                                                                                   Set Me Free  17.46     In stock 2026-09-25 10:38:27
                                                                                   Set Me Free  17.46     In stock 2026-09-25 11:04:52
                                                                                   Set Me Free  17.46     In stock 2026-09-25 11:25:35
                                                                                   Set Me Free  17.46     In stock 2026-09-25 11:26:44
                                                                                   Set Me Free  17.46     In stock 2026-09-25 12:00:06
                                                                                   Set Me Free  17.46     In stock 2026-09-25 13:00:05
                                                                                   Set Me Free  17.46     In stock 2026-09-25 17:36:09
                                                                                   Set Me Free  17.46     In stock 2026-09-25 18:31:32
                                                                                   Set Me Free  17.46     In stock 2026-09-25 19:00:05
                                                                                   Set Me Free  17.46     In stock 2026-09-25 19:00:05
                                                                                   Set Me Free  17.46     In stock 2026-09-25 19:15:06
                                                                         Shakespeare's Sonnets  20.66     In stock 2026-09-24 20:14:49
                                                                         Shakespeare's Sonnets  20.66     In stock 2026-09-24 20:19:23
                                                                         Shakespeare's Sonnets  20.66     In stock 2026-09-25 09:18:33
                                                                         Shakespeare's Sonnets  20.66     In stock 2026-09-25 09:28:30
                                                                         Shakespeare's Sonnets  20.66     In stock 2026-09-25 10:16:22
                                                                         Shakespeare's Sonnets  20.66     In stock 2026-09-25 10:30:32
                                                                         Shakespeare's Sonnets  20.66     In stock 2026-09-25 10:37:55
                                                                         Shakespeare's Sonnets  20.66     In stock 2026-09-25 10:38:27
                                                                         Shakespeare's Sonnets  20.66     In stock 2026-09-25 11:04:52
                                                                         Shakespeare's Sonnets  20.66     In stock 2026-09-25 11:25:35
                                                                         Shakespeare's Sonnets  20.66     In stock 2026-09-25 11:26:44
                                                                         Shakespeare's Sonnets  20.66     In stock 2026-09-25 12:00:06
                                                                         Shakespeare's Sonnets  20.66     In stock 2026-09-25 13:00:05
                                                                         Shakespeare's Sonnets  20.66     In stock 2026-09-25 17:36:09
                                                                         Shakespeare's Sonnets  20.66     In stock 2026-09-25 18:31:32
                                                                         Shakespeare's Sonnets  20.66     In stock 2026-09-25 19:00:05
                                                                         Shakespeare's Sonnets  20.66     In stock 2026-09-25 19:00:05
                                                                         Shakespeare's Sonnets  20.66     In stock 2026-09-25 19:15:06
                                                                                 Sharp Objects  47.82     In stock 2026-09-24 20:14:49
                                                                                 Sharp Objects  47.82     In stock 2026-09-24 20:19:23
                                                                                 Sharp Objects  47.82     In stock 2026-09-25 09:18:33
                                                                                 Sharp Objects  47.82     In stock 2026-09-25 09:28:30
                                                                                 Sharp Objects  47.82     In stock 2026-09-25 10:16:22
                                                                                 Sharp Objects  47.82     In stock 2026-09-25 10:30:32
                                                                                 Sharp Objects  47.82     In stock 2026-09-25 10:37:55
                                                                                 Sharp Objects  47.82     In stock 2026-09-25 10:38:27
                                                                                 Sharp Objects  47.82     In stock 2026-09-25 11:04:52
                                                                                 Sharp Objects  47.82     In stock 2026-09-25 11:25:35
                                                                                 Sharp Objects  47.82     In stock 2026-09-25 11:26:44
                                                                                 Sharp Objects  47.82     In stock 2026-09-25 12:00:06
                                                                                 Sharp Objects  47.82     In stock 2026-09-25 13:00:05
                                                                                 Sharp Objects  47.82     In stock 2026-09-25 17:36:09
                                                                                 Sharp Objects  47.82     In stock 2026-09-25 18:31:32
                                                                                 Sharp Objects  47.82     In stock 2026-09-25 19:00:05
                                                                                 Sharp Objects  47.82     In stock 2026-09-25 19:00:05
                                                                                 Sharp Objects  47.82     In stock 2026-09-25 19:15:06
                                                                                    Soumission  50.10     In stock 2026-09-24 20:14:49
                                                                                    Soumission  50.10     In stock 2026-09-24 20:19:23
                                                                                    Soumission  50.10     In stock 2026-09-25 09:18:33
                                                                                    Soumission  50.10     In stock 2026-09-25 09:28:30
                                                                                    Soumission  50.10     In stock 2026-09-25 10:16:22
                                                                                    Soumission  50.10     In stock 2026-09-25 10:30:32
                                                                                    Soumission  50.10     In stock 2026-09-25 10:37:55
                                                                                    Soumission  50.10     In stock 2026-09-25 10:38:27
                                                                                    Soumission  50.10     In stock 2026-09-25 11:04:52
                                                                                    Soumission  50.10     In stock 2026-09-25 11:25:35
                                                                                    Soumission  50.10     In stock 2026-09-25 11:26:44
                                                                                    Soumission  50.10     In stock 2026-09-25 12:00:06
                                                                                    Soumission  50.10     In stock 2026-09-25 13:00:05
                                                                                    Soumission  50.10     In stock 2026-09-25 17:36:09
                                                                                    Soumission  50.10     In stock 2026-09-25 18:31:32
                                                                                    Soumission  50.10     In stock 2026-09-25 19:00:05
                                                                                    Soumission  50.10     In stock 2026-09-25 19:00:05
                                                                                    Soumission  50.10     In stock 2026-09-25 19:15:06
                                                Starving Hearts (Triangular Trade Trilogy, #1)  13.99     In stock 2026-09-24 20:14:49
                                                Starving Hearts (Triangular Trade Trilogy, #1)  13.99     In stock 2026-09-24 20:19:23
                                                Starving Hearts (Triangular Trade Trilogy, #1)  13.99     In stock 2026-09-25 09:18:33
                                                Starving Hearts (Triangular Trade Trilogy, #1)  13.99     In stock 2026-09-25 09:28:30
                                                Starving Hearts (Triangular Trade Trilogy, #1)  13.99     In stock 2026-09-25 10:16:22
                                                Starving Hearts (Triangular Trade Trilogy, #1)  13.99     In stock 2026-09-25 10:30:32
                                                Starving Hearts (Triangular Trade Trilogy, #1)  13.99     In stock 2026-09-25 10:37:55
                                                Starving Hearts (Triangular Trade Trilogy, #1)  13.99     In stock 2026-09-25 10:38:27
                                                Starving Hearts (Triangular Trade Trilogy, #1)  13.99     In stock 2026-09-25 11:04:52
                                                Starving Hearts (Triangular Trade Trilogy, #1)  13.99     In stock 2026-09-25 11:25:35
                                                Starving Hearts (Triangular Trade Trilogy, #1)  13.99     In stock 2026-09-25 11:26:44
                                                Starving Hearts (Triangular Trade Trilogy, #1)  13.99     In stock 2026-09-25 12:00:06
                                                Starving Hearts (Triangular Trade Trilogy, #1)  13.99     In stock 2026-09-25 13:00:05
                                                Starving Hearts (Triangular Trade Trilogy, #1)  13.99     In stock 2026-09-25 17:36:09
                                                Starving Hearts (Triangular Trade Trilogy, #1)  13.99     In stock 2026-09-25 18:31:32
                                                Starving Hearts (Triangular Trade Trilogy, #1)  13.99     In stock 2026-09-25 19:00:05
                                                Starving Hearts (Triangular Trade Trilogy, #1)  13.99     In stock 2026-09-25 19:00:05
                                                Starving Hearts (Triangular Trade Trilogy, #1)  13.99     In stock 2026-09-25 19:15:06
                                                                               The Black Maria  52.15     In stock 2026-09-24 20:14:49
                                                                               The Black Maria  45.00     In stock 2026-09-24 20:19:23
                                                                               The Black Maria  52.15     In stock 2026-09-25 09:18:33
                                                                               The Black Maria  52.15     In stock 2026-09-25 09:28:30
                                                                               The Black Maria  52.15     In stock 2026-09-25 10:16:22
                                                                               The Black Maria  52.15     In stock 2026-09-25 10:30:32
                                                                               The Black Maria  52.15     In stock 2026-09-25 10:37:55
                                                                               The Black Maria  52.15     In stock 2026-09-25 10:38:27
                                                                               The Black Maria  52.15     In stock 2026-09-25 11:04:52
                                                                               The Black Maria  52.15     In stock 2026-09-25 11:25:35
                                                                               The Black Maria  52.15     In stock 2026-09-25 11:26:44
                                                                               The Black Maria  52.15     In stock 2026-09-25 12:00:06
                                                                               The Black Maria  52.15     In stock 2026-09-25 13:00:05
                                                                               The Black Maria  52.15     In stock 2026-09-25 17:36:09
                                                                               The Black Maria  52.15     In stock 2026-09-25 18:31:32
                                                                               The Black Maria  52.15     In stock 2026-09-25 19:00:05
                                                                               The Black Maria  52.15     In stock 2026-09-25 19:00:05
                                                                               The Black Maria  52.15     In stock 2026-09-25 19:15:06
The Boys in the Boat: Nine Americans and Their Epic Quest for Gold at the 1936 Berlin Olympics  22.60     In stock 2026-09-24 20:14:49
The Boys in the Boat: Nine Americans and Their Epic Quest for Gold at the 1936 Berlin Olympics  22.60     In stock 2026-09-24 20:19:23
The Boys in the Boat: Nine Americans and Their Epic Quest for Gold at the 1936 Berlin Olympics  22.60     In stock 2026-09-25 09:18:33
The Boys in the Boat: Nine Americans and Their Epic Quest for Gold at the 1936 Berlin Olympics  22.60     In stock 2026-09-25 09:28:30
The Boys in the Boat: Nine Americans and Their Epic Quest for Gold at the 1936 Berlin Olympics  22.60     In stock 2026-09-25 10:16:22
The Boys in the Boat: Nine Americans and Their Epic Quest for Gold at the 1936 Berlin Olympics  22.60     In stock 2026-09-25 10:30:32
The Boys in the Boat: Nine Americans and Their Epic Quest for Gold at the 1936 Berlin Olympics  22.60     In stock 2026-09-25 10:37:55
The Boys in the Boat: Nine Americans and Their Epic Quest for Gold at the 1936 Berlin Olympics  22.60     In stock 2026-09-25 10:38:27
The Boys in the Boat: Nine Americans and Their Epic Quest for Gold at the 1936 Berlin Olympics  22.60     In stock 2026-09-25 11:04:52
The Boys in the Boat: Nine Americans and Their Epic Quest for Gold at the 1936 Berlin Olympics  22.60     In stock 2026-09-25 11:25:35
The Boys in the Boat: Nine Americans and Their Epic Quest for Gold at the 1936 Berlin Olympics  22.60     In stock 2026-09-25 11:26:44
The Boys in the Boat: Nine Americans and Their Epic Quest for Gold at the 1936 Berlin Olympics  22.60     In stock 2026-09-25 12:00:06
The Boys in the Boat: Nine Americans and Their Epic Quest for Gold at the 1936 Berlin Olympics  22.60     In stock 2026-09-25 13:00:05
The Boys in the Boat: Nine Americans and Their Epic Quest for Gold at the 1936 Berlin Olympics  22.60     In stock 2026-09-25 17:36:09
The Boys in the Boat: Nine Americans and Their Epic Quest for Gold at the 1936 Berlin Olympics  22.60     In stock 2026-09-25 18:31:32
The Boys in the Boat: Nine Americans and Their Epic Quest for Gold at the 1936 Berlin Olympics  22.60     In stock 2026-09-25 19:00:05
The Boys in the Boat: Nine Americans and Their Epic Quest for Gold at the 1936 Berlin Olympics  22.60     In stock 2026-09-25 19:00:05
The Boys in the Boat: Nine Americans and Their Epic Quest for Gold at the 1936 Berlin Olympics  22.60     In stock 2026-09-25 19:15:06
       The Coming Woman: A Novel Based on the Life of the Infamous Feminist, Victoria Woodhull  17.93     In stock 2026-09-24 20:14:49
       The Coming Woman: A Novel Based on the Life of the Infamous Feminist, Victoria Woodhull  17.93     In stock 2026-09-24 20:19:23
       The Coming Woman: A Novel Based on the Life of the Infamous Feminist, Victoria Woodhull  17.93     In stock 2026-09-25 09:18:33
       The Coming Woman: A Novel Based on the Life of the Infamous Feminist, Victoria Woodhull  17.93     In stock 2026-09-25 09:28:30
       The Coming Woman: A Novel Based on the Life of the Infamous Feminist, Victoria Woodhull  17.93     In stock 2026-09-25 10:16:22
       The Coming Woman: A Novel Based on the Life of the Infamous Feminist, Victoria Woodhull  17.93     In stock 2026-09-25 10:30:32
       The Coming Woman: A Novel Based on the Life of the Infamous Feminist, Victoria Woodhull  17.93     In stock 2026-09-25 10:37:55
       The Coming Woman: A Novel Based on the Life of the Infamous Feminist, Victoria Woodhull  17.93     In stock 2026-09-25 10:38:27
       The Coming Woman: A Novel Based on the Life of the Infamous Feminist, Victoria Woodhull  17.93     In stock 2026-09-25 11:04:52
       The Coming Woman: A Novel Based on the Life of the Infamous Feminist, Victoria Woodhull  17.93     In stock 2026-09-25 11:25:35
       The Coming Woman: A Novel Based on the Life of the Infamous Feminist, Victoria Woodhull  17.93     In stock 2026-09-25 11:26:44
       The Coming Woman: A Novel Based on the Life of the Infamous Feminist, Victoria Woodhull  17.93     In stock 2026-09-25 12:00:06
       The Coming Woman: A Novel Based on the Life of the Infamous Feminist, Victoria Woodhull  17.93     In stock 2026-09-25 13:00:05
       The Coming Woman: A Novel Based on the Life of the Infamous Feminist, Victoria Woodhull  17.93     In stock 2026-09-25 17:36:09
       The Coming Woman: A Novel Based on the Life of the Infamous Feminist, Victoria Woodhull  17.93     In stock 2026-09-25 18:31:32
       The Coming Woman: A Novel Based on the Life of the Infamous Feminist, Victoria Woodhull  17.93     In stock 2026-09-25 19:00:05
       The Coming Woman: A Novel Based on the Life of the Infamous Feminist, Victoria Woodhull  17.93     In stock 2026-09-25 19:00:05
       The Coming Woman: A Novel Based on the Life of the Infamous Feminist, Victoria Woodhull  17.93     In stock 2026-09-25 19:15:06
                                            The Dirty Little Secrets of Getting Your Dream Job  33.34     In stock 2026-09-24 20:14:49
                                            The Dirty Little Secrets of Getting Your Dream Job  33.34     In stock 2026-09-24 20:19:23
                                            The Dirty Little Secrets of Getting Your Dream Job  33.34     In stock 2026-09-25 09:18:33
                                            The Dirty Little Secrets of Getting Your Dream Job  33.34     In stock 2026-09-25 09:28:30
                                            The Dirty Little Secrets of Getting Your Dream Job  33.34     In stock 2026-09-25 10:16:22
                                            The Dirty Little Secrets of Getting Your Dream Job  33.34     In stock 2026-09-25 10:30:32
                                            The Dirty Little Secrets of Getting Your Dream Job  33.34     In stock 2026-09-25 10:37:55
                                            The Dirty Little Secrets of Getting Your Dream Job  33.34     In stock 2026-09-25 10:38:27
                                            The Dirty Little Secrets of Getting Your Dream Job  33.34     In stock 2026-09-25 11:04:52
                                            The Dirty Little Secrets of Getting Your Dream Job  33.34     In stock 2026-09-25 11:25:35
                                            The Dirty Little Secrets of Getting Your Dream Job  33.34     In stock 2026-09-25 11:26:44
                                            The Dirty Little Secrets of Getting Your Dream Job  33.34     In stock 2026-09-25 12:00:06
                                            The Dirty Little Secrets of Getting Your Dream Job  33.34     In stock 2026-09-25 13:00:05
                                            The Dirty Little Secrets of Getting Your Dream Job  33.34     In stock 2026-09-25 17:36:09
                                            The Dirty Little Secrets of Getting Your Dream Job  33.34     In stock 2026-09-25 18:31:32
                                            The Dirty Little Secrets of Getting Your Dream Job  33.34     In stock 2026-09-25 19:00:05
                                            The Dirty Little Secrets of Getting Your Dream Job  33.34     In stock 2026-09-25 19:00:05
                                            The Dirty Little Secrets of Getting Your Dream Job  33.34     In stock 2026-09-25 19:15:06
                                                                               The Requiem Red  22.65     In stock 2026-09-24 20:14:49
                                                                               The Requiem Red  22.65     In stock 2026-09-24 20:19:23
                                                                               The Requiem Red  22.65     In stock 2026-09-25 09:18:33
                                                                               The Requiem Red  22.65     In stock 2026-09-25 09:28:30
                                                                               The Requiem Red  22.65     In stock 2026-09-25 10:16:22
                                                                               The Requiem Red  22.65     In stock 2026-09-25 10:30:32
                                                                               The Requiem Red  22.65     In stock 2026-09-25 10:37:55
                                                                               The Requiem Red  22.65     In stock 2026-09-25 10:38:27
                                                                               The Requiem Red  22.65     In stock 2026-09-25 11:04:52
                                                                               The Requiem Red  22.65     In stock 2026-09-25 11:25:35
                                                                               The Requiem Red  22.65     In stock 2026-09-25 11:26:44
                                                                               The Requiem Red  22.65     In stock 2026-09-25 12:00:06
                                                                               The Requiem Red  22.65     In stock 2026-09-25 13:00:05
                                                                               The Requiem Red  22.65     In stock 2026-09-25 17:36:09
                                                                               The Requiem Red  22.65     In stock 2026-09-25 18:31:32
                                                                               The Requiem Red  22.65     In stock 2026-09-25 19:00:05
                                                                               The Requiem Red  22.65     In stock 2026-09-25 19:00:05
                                                                               The Requiem Red  22.65     In stock 2026-09-25 19:15:06
                                                                            Tipping the Velvet  53.74     In stock 2026-09-24 20:14:49
                                                                            Tipping the Velvet  53.74     In stock 2026-09-24 20:19:23
                                                                            Tipping the Velvet  53.74     In stock 2026-09-25 09:18:33
                                                                            Tipping the Velvet  53.74     In stock 2026-09-25 09:28:30
                                                                            Tipping the Velvet  53.74     In stock 2026-09-25 10:16:22
                                                                            Tipping the Velvet  53.74     In stock 2026-09-25 10:30:32
                                                                            Tipping the Velvet  53.74     In stock 2026-09-25 10:37:55
                                                                            Tipping the Velvet  53.74     In stock 2026-09-25 10:38:27
                                                                            Tipping the Velvet  53.74     In stock 2026-09-25 11:04:52
                                                                            Tipping the Velvet  53.74     In stock 2026-09-25 11:25:35
                                                                            Tipping the Velvet  53.74     In stock 2026-09-25 11:26:44
                                                                            Tipping the Velvet  53.74     In stock 2026-09-25 12:00:06
                                                                            Tipping the Velvet  53.74     In stock 2026-09-25 13:00:05
                                                                            Tipping the Velvet  53.74     In stock 2026-09-25 17:36:09
                                                                            Tipping the Velvet  53.74     In stock 2026-09-25 18:31:32
                                                                            Tipping the Velvet  53.74     In stock 2026-09-25 19:00:05
                                                                            Tipping the Velvet  53.74     In stock 2026-09-25 19:00:05
                                                                            Tipping the Velvet  53.74     In stock 2026-09-25 19:15:06


PRICE DROP CHECK
======================================================================

========== PRICE TRACKER RUN ==========

1. Scraping prices...

2. Checking price drops...

========== RUN COMPLETE ==========

Status: 200
                                                title  ...           scraped_at
0                                A Light in the Attic  ...  2026-09-25 19:30:05
1                                  Tipping the Velvet  ...  2026-09-25 19:30:05
2                                          Soumission  ...  2026-09-25 19:30:05
3                                       Sharp Objects  ...  2026-09-25 19:30:05
4               Sapiens: A Brief History of Humankind  ...  2026-09-25 19:30:05
5                                     The Requiem Red  ...  2026-09-25 19:30:05
6   The Dirty Little Secrets of Getting Your Dream...  ...  2026-09-25 19:30:05
7   The Coming Woman: A Novel Based on the Life of...  ...  2026-09-25 19:30:05
8   The Boys in the Boat: Nine Americans and Their...  ...  2026-09-25 19:30:05
9                                     The Black Maria  ...  2026-09-25 19:30:05
10     Starving Hearts (Triangular Trade Trilogy, #1)  ...  2026-09-25 19:30:05
11                              Shakespeare's Sonnets  ...  2026-09-25 19:30:05
12                                        Set Me Free  ...  2026-09-25 19:30:05
13  Scott Pilgrim's Precious Little Life (Scott Pi...  ...  2026-09-25 19:30:05
14                          Rip it Up and Start Again  ...  2026-09-25 19:30:05
15  Our Band Could Be Your Life: Scenes from the A...  ...  2026-09-25 19:30:05
16                                               Olio  ...  2026-09-25 19:30:05
17  Mesaerion: The Best Science Fiction Stories 18...  ...  2026-09-25 19:30:05
18                       Libertarianism for Beginners  ...  2026-09-25 19:30:05
19                            It's Only the Himalayas  ...  2026-09-25 19:30:05

[20 rows x 4 columns]
Data saved to database!

Data from SQLite:
                                   title   price availability
0                   A Light in the Attic  £51.77     In stock
1                     Tipping the Velvet  £53.74     In stock
2                             Soumission  £50.10     In stock
3                          Sharp Objects  £47.82     In stock
4  Sapiens: A Brief History of Humankind  £54.23     In stock

PRICE HISTORY
======================================================================
                                                                                         title  price availability          scraped_at
                                                                          A Light in the Attic  51.77     In stock 2026-09-24 20:14:49
                                                                          A Light in the Attic  40.00     In stock 2026-09-24 20:19:23
                                                                          A Light in the Attic  51.77     In stock 2026-09-25 09:18:33
                                                                          A Light in the Attic  51.77     In stock 2026-09-25 09:28:30
                                                                          A Light in the Attic  51.77     In stock 2026-09-25 10:16:22
                                                                          A Light in the Attic  51.77     In stock 2026-09-25 10:30:32
                                                                          A Light in the Attic  51.77     In stock 2026-09-25 10:37:55
                                                                          A Light in the Attic  51.77     In stock 2026-09-25 10:38:27
                                                                          A Light in the Attic  51.77     In stock 2026-09-25 11:04:52
                                                                          A Light in the Attic  51.77     In stock 2026-09-25 11:25:35
                                                                          A Light in the Attic  51.77     In stock 2026-09-25 11:26:44
                                                                          A Light in the Attic  51.77     In stock 2026-09-25 12:00:06
                                                                          A Light in the Attic  51.77     In stock 2026-09-25 13:00:05
                                                                          A Light in the Attic  51.77     In stock 2026-09-25 17:36:09
                                                                          A Light in the Attic  51.77     In stock 2026-09-25 18:31:32
                                                                          A Light in the Attic  51.77     In stock 2026-09-25 19:00:05
                                                                          A Light in the Attic  51.77     In stock 2026-09-25 19:00:05
                                                                          A Light in the Attic  51.77     In stock 2026-09-25 19:15:06
                                                                          A Light in the Attic  51.77     In stock 2026-09-25 19:30:05
                                                                       It's Only the Himalayas  45.17     In stock 2026-09-24 20:14:49
                                                                       It's Only the Himalayas  45.17     In stock 2026-09-24 20:19:23
                                                                       It's Only the Himalayas  45.17     In stock 2026-09-25 09:18:33
                                                                       It's Only the Himalayas  45.17     In stock 2026-09-25 09:28:30
                                                                       It's Only the Himalayas  45.17     In stock 2026-09-25 10:16:22
                                                                       It's Only the Himalayas  45.17     In stock 2026-09-25 10:30:32
                                                                       It's Only the Himalayas  45.17     In stock 2026-09-25 10:37:55
                                                                       It's Only the Himalayas  45.17     In stock 2026-09-25 10:38:27
                                                                       It's Only the Himalayas  45.17     In stock 2026-09-25 11:04:52
                                                                       It's Only the Himalayas  45.17     In stock 2026-09-25 11:25:35
                                                                       It's Only the Himalayas  45.17     In stock 2026-09-25 11:26:44
                                                                       It's Only the Himalayas  45.17     In stock 2026-09-25 12:00:06
                                                                       It's Only the Himalayas  45.17     In stock 2026-09-25 13:00:05
                                                                       It's Only the Himalayas  45.17     In stock 2026-09-25 17:36:09
                                                                       It's Only the Himalayas  45.17     In stock 2026-09-25 18:31:32
                                                                       It's Only the Himalayas  45.17     In stock 2026-09-25 19:00:05
                                                                       It's Only the Himalayas  45.17     In stock 2026-09-25 19:00:05
                                                                       It's Only the Himalayas  45.17     In stock 2026-09-25 19:15:06
                                                                       It's Only the Himalayas  45.17     In stock 2026-09-25 19:30:05
                                                                  Libertarianism for Beginners  51.33     In stock 2026-09-24 20:14:49
                                                                  Libertarianism for Beginners  51.33     In stock 2026-09-24 20:19:23
                                                                  Libertarianism for Beginners  51.33     In stock 2026-09-25 09:18:33
                                                                  Libertarianism for Beginners  51.33     In stock 2026-09-25 09:28:30
                                                                  Libertarianism for Beginners  51.33     In stock 2026-09-25 10:16:22
                                                                  Libertarianism for Beginners  51.33     In stock 2026-09-25 10:30:32
                                                                  Libertarianism for Beginners  51.33     In stock 2026-09-25 10:37:55
                                                                  Libertarianism for Beginners  51.33     In stock 2026-09-25 10:38:27
                                                                  Libertarianism for Beginners  51.33     In stock 2026-09-25 11:04:52
                                                                  Libertarianism for Beginners  51.33     In stock 2026-09-25 11:25:35
                                                                  Libertarianism for Beginners  51.33     In stock 2026-09-25 11:26:44
                                                                  Libertarianism for Beginners  51.33     In stock 2026-09-25 12:00:06
                                                                  Libertarianism for Beginners  51.33     In stock 2026-09-25 13:00:05
                                                                  Libertarianism for Beginners  51.33     In stock 2026-09-25 17:36:09
                                                                  Libertarianism for Beginners  51.33     In stock 2026-09-25 18:31:32
                                                                  Libertarianism for Beginners  51.33     In stock 2026-09-25 19:00:05
                                                                  Libertarianism for Beginners  51.33     In stock 2026-09-25 19:00:05
                                                                  Libertarianism for Beginners  51.33     In stock 2026-09-25 19:15:06
                                                                  Libertarianism for Beginners  51.33     In stock 2026-09-25 19:30:05
                                         Mesaerion: The Best Science Fiction Stories 1800-1849  37.59     In stock 2026-09-24 20:14:49
                                         Mesaerion: The Best Science Fiction Stories 1800-1849  37.59     In stock 2026-09-24 20:19:23
                                         Mesaerion: The Best Science Fiction Stories 1800-1849  37.59     In stock 2026-09-25 09:18:33
                                         Mesaerion: The Best Science Fiction Stories 1800-1849  37.59     In stock 2026-09-25 09:28:30
                                         Mesaerion: The Best Science Fiction Stories 1800-1849  37.59     In stock 2026-09-25 10:16:22
                                         Mesaerion: The Best Science Fiction Stories 1800-1849  37.59     In stock 2026-09-25 10:30:32
                                         Mesaerion: The Best Science Fiction Stories 1800-1849  37.59     In stock 2026-09-25 10:37:55
                                         Mesaerion: The Best Science Fiction Stories 1800-1849  37.59     In stock 2026-09-25 10:38:27
                                         Mesaerion: The Best Science Fiction Stories 1800-1849  37.59     In stock 2026-09-25 11:04:52
                                         Mesaerion: The Best Science Fiction Stories 1800-1849  37.59     In stock 2026-09-25 11:25:35
                                         Mesaerion: The Best Science Fiction Stories 1800-1849  37.59     In stock 2026-09-25 11:26:44
                                         Mesaerion: The Best Science Fiction Stories 1800-1849  37.59     In stock 2026-09-25 12:00:06
                                         Mesaerion: The Best Science Fiction Stories 1800-1849  37.59     In stock 2026-09-25 13:00:05
                                         Mesaerion: The Best Science Fiction Stories 1800-1849  37.59     In stock 2026-09-25 17:36:09
                                         Mesaerion: The Best Science Fiction Stories 1800-1849  37.59     In stock 2026-09-25 18:31:32
                                         Mesaerion: The Best Science Fiction Stories 1800-1849  37.59     In stock 2026-09-25 19:00:05
                                         Mesaerion: The Best Science Fiction Stories 1800-1849  37.59     In stock 2026-09-25 19:00:05
                                         Mesaerion: The Best Science Fiction Stories 1800-1849  37.59     In stock 2026-09-25 19:15:06
                                         Mesaerion: The Best Science Fiction Stories 1800-1849  37.59     In stock 2026-09-25 19:30:05
                                                                                          Olio  23.88     In stock 2026-09-24 20:14:49
                                                                                          Olio  23.88     In stock 2026-09-24 20:19:23
                                                                                          Olio  23.88     In stock 2026-09-25 09:18:33
                                                                                          Olio  23.88     In stock 2026-09-25 09:28:30
                                                                                          Olio  23.88     In stock 2026-09-25 10:16:22
                                                                                          Olio  23.88     In stock 2026-09-25 10:30:32
                                                                                          Olio  23.88     In stock 2026-09-25 10:37:55
                                                                                          Olio  23.88     In stock 2026-09-25 10:38:27
                                                                                          Olio  23.88     In stock 2026-09-25 11:04:52
                                                                                          Olio  23.88     In stock 2026-09-25 11:25:35
                                                                                          Olio  23.88     In stock 2026-09-25 11:26:44
                                                                                          Olio  23.88     In stock 2026-09-25 12:00:06
                                                                                          Olio  23.88     In stock 2026-09-25 13:00:05
                                                                                          Olio  23.88     In stock 2026-09-25 17:36:09
                                                                                          Olio  23.88     In stock 2026-09-25 18:31:32
                                                                                          Olio  23.88     In stock 2026-09-25 19:00:05
                                                                                          Olio  23.88     In stock 2026-09-25 19:00:05
                                                                                          Olio  23.88     In stock 2026-09-25 19:15:06
                                                                                          Olio  23.88     In stock 2026-09-25 19:30:05
            Our Band Could Be Your Life: Scenes from the American Indie Underground, 1981-1991  57.25     In stock 2026-09-24 20:14:49
            Our Band Could Be Your Life: Scenes from the American Indie Underground, 1981-1991  57.25     In stock 2026-09-24 20:19:23
            Our Band Could Be Your Life: Scenes from the American Indie Underground, 1981-1991  57.25     In stock 2026-09-25 09:18:33
            Our Band Could Be Your Life: Scenes from the American Indie Underground, 1981-1991  57.25     In stock 2026-09-25 09:28:30
            Our Band Could Be Your Life: Scenes from the American Indie Underground, 1981-1991  57.25     In stock 2026-09-25 10:16:22
            Our Band Could Be Your Life: Scenes from the American Indie Underground, 1981-1991  57.25     In stock 2026-09-25 10:30:32
            Our Band Could Be Your Life: Scenes from the American Indie Underground, 1981-1991  57.25     In stock 2026-09-25 10:37:55
            Our Band Could Be Your Life: Scenes from the American Indie Underground, 1981-1991  57.25     In stock 2026-09-25 10:38:27
            Our Band Could Be Your Life: Scenes from the American Indie Underground, 1981-1991  57.25     In stock 2026-09-25 11:04:52
            Our Band Could Be Your Life: Scenes from the American Indie Underground, 1981-1991  57.25     In stock 2026-09-25 11:25:35
            Our Band Could Be Your Life: Scenes from the American Indie Underground, 1981-1991  57.25     In stock 2026-09-25 11:26:44
            Our Band Could Be Your Life: Scenes from the American Indie Underground, 1981-1991  57.25     In stock 2026-09-25 12:00:06
            Our Band Could Be Your Life: Scenes from the American Indie Underground, 1981-1991  57.25     In stock 2026-09-25 13:00:05
            Our Band Could Be Your Life: Scenes from the American Indie Underground, 1981-1991  57.25     In stock 2026-09-25 17:36:09
            Our Band Could Be Your Life: Scenes from the American Indie Underground, 1981-1991  57.25     In stock 2026-09-25 18:31:32
            Our Band Could Be Your Life: Scenes from the American Indie Underground, 1981-1991  57.25     In stock 2026-09-25 19:00:05
            Our Band Could Be Your Life: Scenes from the American Indie Underground, 1981-1991  57.25     In stock 2026-09-25 19:00:05
            Our Band Could Be Your Life: Scenes from the American Indie Underground, 1981-1991  57.25     In stock 2026-09-25 19:15:06
            Our Band Could Be Your Life: Scenes from the American Indie Underground, 1981-1991  57.25     In stock 2026-09-25 19:30:05
                                                                     Rip it Up and Start Again  35.02     In stock 2026-09-24 20:14:49
                                                                     Rip it Up and Start Again  35.02     In stock 2026-09-24 20:19:23
                                                                     Rip it Up and Start Again  35.02     In stock 2026-09-25 09:18:33
                                                                     Rip it Up and Start Again  35.02     In stock 2026-09-25 09:28:30
                                                                     Rip it Up and Start Again  35.02     In stock 2026-09-25 10:16:22
                                                                     Rip it Up and Start Again  35.02     In stock 2026-09-25 10:30:32
                                                                     Rip it Up and Start Again  35.02     In stock 2026-09-25 10:37:55
                                                                     Rip it Up and Start Again  35.02     In stock 2026-09-25 10:38:27
                                                                     Rip it Up and Start Again  35.02     In stock 2026-09-25 11:04:52
                                                                     Rip it Up and Start Again  35.02     In stock 2026-09-25 11:25:35
                                                                     Rip it Up and Start Again  35.02     In stock 2026-09-25 11:26:44
                                                                     Rip it Up and Start Again  35.02     In stock 2026-09-25 12:00:06
                                                                     Rip it Up and Start Again  35.02     In stock 2026-09-25 13:00:05
                                                                     Rip it Up and Start Again  35.02     In stock 2026-09-25 17:36:09
                                                                     Rip it Up and Start Again  35.02     In stock 2026-09-25 18:31:32
                                                                     Rip it Up and Start Again  35.02     In stock 2026-09-25 19:00:05
                                                                     Rip it Up and Start Again  35.02     In stock 2026-09-25 19:00:05
                                                                     Rip it Up and Start Again  35.02     In stock 2026-09-25 19:15:06
                                                                     Rip it Up and Start Again  35.02     In stock 2026-09-25 19:30:05
                                                         Sapiens: A Brief History of Humankind  54.23     In stock 2026-09-24 20:14:49
                                                         Sapiens: A Brief History of Humankind  54.23     In stock 2026-09-24 20:19:23
                                                         Sapiens: A Brief History of Humankind  54.23     In stock 2026-09-25 09:18:33
                                                         Sapiens: A Brief History of Humankind  54.23     In stock 2026-09-25 09:28:30
                                                         Sapiens: A Brief History of Humankind  54.23     In stock 2026-09-25 10:16:22
                                                         Sapiens: A Brief History of Humankind  54.23     In stock 2026-09-25 10:30:32
                                                         Sapiens: A Brief History of Humankind  54.23     In stock 2026-09-25 10:37:55
                                                         Sapiens: A Brief History of Humankind  54.23     In stock 2026-09-25 10:38:27
                                                         Sapiens: A Brief History of Humankind  54.23     In stock 2026-09-25 11:04:52
                                                         Sapiens: A Brief History of Humankind  54.23     In stock 2026-09-25 11:25:35
                                                         Sapiens: A Brief History of Humankind  54.23     In stock 2026-09-25 11:26:44
                                                         Sapiens: A Brief History of Humankind  54.23     In stock 2026-09-25 12:00:06
                                                         Sapiens: A Brief History of Humankind  54.23     In stock 2026-09-25 13:00:05
                                                         Sapiens: A Brief History of Humankind  54.23     In stock 2026-09-25 17:36:09
                                                         Sapiens: A Brief History of Humankind  54.23     In stock 2026-09-25 18:31:32
                                                         Sapiens: A Brief History of Humankind  54.23     In stock 2026-09-25 19:00:05
                                                         Sapiens: A Brief History of Humankind  54.23     In stock 2026-09-25 19:00:05
                                                         Sapiens: A Brief History of Humankind  54.23     In stock 2026-09-25 19:15:06
                                                         Sapiens: A Brief History of Humankind  54.23     In stock 2026-09-25 19:30:05
                                       Scott Pilgrim's Precious Little Life (Scott Pilgrim #1)  52.29     In stock 2026-09-24 20:14:49
                                       Scott Pilgrim's Precious Little Life (Scott Pilgrim #1)  52.29     In stock 2026-09-24 20:19:23
                                       Scott Pilgrim's Precious Little Life (Scott Pilgrim #1)  52.29     In stock 2026-09-25 09:18:33
                                       Scott Pilgrim's Precious Little Life (Scott Pilgrim #1)  52.29     In stock 2026-09-25 09:28:30
                                       Scott Pilgrim's Precious Little Life (Scott Pilgrim #1)  52.29     In stock 2026-09-25 10:16:22
                                       Scott Pilgrim's Precious Little Life (Scott Pilgrim #1)  52.29     In stock 2026-09-25 10:30:32
                                       Scott Pilgrim's Precious Little Life (Scott Pilgrim #1)  52.29     In stock 2026-09-25 10:37:55
                                       Scott Pilgrim's Precious Little Life (Scott Pilgrim #1)  52.29     In stock 2026-09-25 10:38:27
                                       Scott Pilgrim's Precious Little Life (Scott Pilgrim #1)  52.29     In stock 2026-09-25 11:04:52
                                       Scott Pilgrim's Precious Little Life (Scott Pilgrim #1)  52.29     In stock 2026-09-25 11:25:35
                                       Scott Pilgrim's Precious Little Life (Scott Pilgrim #1)  52.29     In stock 2026-09-25 11:26:44
                                       Scott Pilgrim's Precious Little Life (Scott Pilgrim #1)  52.29     In stock 2026-09-25 12:00:06
                                       Scott Pilgrim's Precious Little Life (Scott Pilgrim #1)  52.29     In stock 2026-09-25 13:00:05
                                       Scott Pilgrim's Precious Little Life (Scott Pilgrim #1)  52.29     In stock 2026-09-25 17:36:09
                                       Scott Pilgrim's Precious Little Life (Scott Pilgrim #1)  52.29     In stock 2026-09-25 18:31:32
                                       Scott Pilgrim's Precious Little Life (Scott Pilgrim #1)  52.29     In stock 2026-09-25 19:00:05
                                       Scott Pilgrim's Precious Little Life (Scott Pilgrim #1)  52.29     In stock 2026-09-25 19:00:05
                                       Scott Pilgrim's Precious Little Life (Scott Pilgrim #1)  52.29     In stock 2026-09-25 19:15:06
                                       Scott Pilgrim's Precious Little Life (Scott Pilgrim #1)  52.29     In stock 2026-09-25 19:30:05
                                                                                   Set Me Free  17.46     In stock 2026-09-24 20:14:49
                                                                                   Set Me Free  17.46     In stock 2026-09-24 20:19:23
                                                                                   Set Me Free  17.46     In stock 2026-09-25 09:18:33
                                                                                   Set Me Free  17.46     In stock 2026-09-25 09:28:30
                                                                                   Set Me Free  17.46     In stock 2026-09-25 10:16:22
                                                                                   Set Me Free  17.46     In stock 2026-09-25 10:30:32
                                                                                   Set Me Free  17.46     In stock 2026-09-25 10:37:55
                                                                                   Set Me Free  17.46     In stock 2026-09-25 10:38:27
                                                                                   Set Me Free  17.46     In stock 2026-09-25 11:04:52
                                                                                   Set Me Free  17.46     In stock 2026-09-25 11:25:35
                                                                                   Set Me Free  17.46     In stock 2026-09-25 11:26:44
                                                                                   Set Me Free  17.46     In stock 2026-09-25 12:00:06
                                                                                   Set Me Free  17.46     In stock 2026-09-25 13:00:05
                                                                                   Set Me Free  17.46     In stock 2026-09-25 17:36:09
                                                                                   Set Me Free  17.46     In stock 2026-09-25 18:31:32
                                                                                   Set Me Free  17.46     In stock 2026-09-25 19:00:05
                                                                                   Set Me Free  17.46     In stock 2026-09-25 19:00:05
                                                                                   Set Me Free  17.46     In stock 2026-09-25 19:15:06
                                                                                   Set Me Free  17.46     In stock 2026-09-25 19:30:05
                                                                         Shakespeare's Sonnets  20.66     In stock 2026-09-24 20:14:49
                                                                         Shakespeare's Sonnets  20.66     In stock 2026-09-24 20:19:23
                                                                         Shakespeare's Sonnets  20.66     In stock 2026-09-25 09:18:33
                                                                         Shakespeare's Sonnets  20.66     In stock 2026-09-25 09:28:30
                                                                         Shakespeare's Sonnets  20.66     In stock 2026-09-25 10:16:22
                                                                         Shakespeare's Sonnets  20.66     In stock 2026-09-25 10:30:32
                                                                         Shakespeare's Sonnets  20.66     In stock 2026-09-25 10:37:55
                                                                         Shakespeare's Sonnets  20.66     In stock 2026-09-25 10:38:27
                                                                         Shakespeare's Sonnets  20.66     In stock 2026-09-25 11:04:52
                                                                         Shakespeare's Sonnets  20.66     In stock 2026-09-25 11:25:35
                                                                         Shakespeare's Sonnets  20.66     In stock 2026-09-25 11:26:44
                                                                         Shakespeare's Sonnets  20.66     In stock 2026-09-25 12:00:06
                                                                         Shakespeare's Sonnets  20.66     In stock 2026-09-25 13:00:05
                                                                         Shakespeare's Sonnets  20.66     In stock 2026-09-25 17:36:09
                                                                         Shakespeare's Sonnets  20.66     In stock 2026-09-25 18:31:32
                                                                         Shakespeare's Sonnets  20.66     In stock 2026-09-25 19:00:05
                                                                         Shakespeare's Sonnets  20.66     In stock 2026-09-25 19:00:05
                                                                         Shakespeare's Sonnets  20.66     In stock 2026-09-25 19:15:06
                                                                         Shakespeare's Sonnets  20.66     In stock 2026-09-25 19:30:05
                                                                                 Sharp Objects  47.82     In stock 2026-09-24 20:14:49
                                                                                 Sharp Objects  47.82     In stock 2026-09-24 20:19:23
                                                                                 Sharp Objects  47.82     In stock 2026-09-25 09:18:33
                                                                                 Sharp Objects  47.82     In stock 2026-09-25 09:28:30
                                                                                 Sharp Objects  47.82     In stock 2026-09-25 10:16:22
                                                                                 Sharp Objects  47.82     In stock 2026-09-25 10:30:32
                                                                                 Sharp Objects  47.82     In stock 2026-09-25 10:37:55
                                                                                 Sharp Objects  47.82     In stock 2026-09-25 10:38:27
                                                                                 Sharp Objects  47.82     In stock 2026-09-25 11:04:52
                                                                                 Sharp Objects  47.82     In stock 2026-09-25 11:25:35
                                                                                 Sharp Objects  47.82     In stock 2026-09-25 11:26:44
                                                                                 Sharp Objects  47.82     In stock 2026-09-25 12:00:06
                                                                                 Sharp Objects  47.82     In stock 2026-09-25 13:00:05
                                                                                 Sharp Objects  47.82     In stock 2026-09-25 17:36:09
                                                                                 Sharp Objects  47.82     In stock 2026-09-25 18:31:32
                                                                                 Sharp Objects  47.82     In stock 2026-09-25 19:00:05
                                                                                 Sharp Objects  47.82     In stock 2026-09-25 19:00:05
                                                                                 Sharp Objects  47.82     In stock 2026-09-25 19:15:06
                                                                                 Sharp Objects  47.82     In stock 2026-09-25 19:30:05
                                                                                    Soumission  50.10     In stock 2026-09-24 20:14:49
                                                                                    Soumission  50.10     In stock 2026-09-24 20:19:23
                                                                                    Soumission  50.10     In stock 2026-09-25 09:18:33
                                                                                    Soumission  50.10     In stock 2026-09-25 09:28:30
                                                                                    Soumission  50.10     In stock 2026-09-25 10:16:22
                                                                                    Soumission  50.10     In stock 2026-09-25 10:30:32
                                                                                    Soumission  50.10     In stock 2026-09-25 10:37:55
                                                                                    Soumission  50.10     In stock 2026-09-25 10:38:27
                                                                                    Soumission  50.10     In stock 2026-09-25 11:04:52
                                                                                    Soumission  50.10     In stock 2026-09-25 11:25:35
                                                                                    Soumission  50.10     In stock 2026-09-25 11:26:44
                                                                                    Soumission  50.10     In stock 2026-09-25 12:00:06
                                                                                    Soumission  50.10     In stock 2026-09-25 13:00:05
                                                                                    Soumission  50.10     In stock 2026-09-25 17:36:09
                                                                                    Soumission  50.10     In stock 2026-09-25 18:31:32
                                                                                    Soumission  50.10     In stock 2026-09-25 19:00:05
                                                                                    Soumission  50.10     In stock 2026-09-25 19:00:05
                                                                                    Soumission  50.10     In stock 2026-09-25 19:15:06
                                                                                    Soumission  50.10     In stock 2026-09-25 19:30:05
                                                Starving Hearts (Triangular Trade Trilogy, #1)  13.99     In stock 2026-09-24 20:14:49
                                                Starving Hearts (Triangular Trade Trilogy, #1)  13.99     In stock 2026-09-24 20:19:23
                                                Starving Hearts (Triangular Trade Trilogy, #1)  13.99     In stock 2026-09-25 09:18:33
                                                Starving Hearts (Triangular Trade Trilogy, #1)  13.99     In stock 2026-09-25 09:28:30
                                                Starving Hearts (Triangular Trade Trilogy, #1)  13.99     In stock 2026-09-25 10:16:22
                                                Starving Hearts (Triangular Trade Trilogy, #1)  13.99     In stock 2026-09-25 10:30:32
                                                Starving Hearts (Triangular Trade Trilogy, #1)  13.99     In stock 2026-09-25 10:37:55
                                                Starving Hearts (Triangular Trade Trilogy, #1)  13.99     In stock 2026-09-25 10:38:27
                                                Starving Hearts (Triangular Trade Trilogy, #1)  13.99     In stock 2026-09-25 11:04:52
                                                Starving Hearts (Triangular Trade Trilogy, #1)  13.99     In stock 2026-09-25 11:25:35
                                                Starving Hearts (Triangular Trade Trilogy, #1)  13.99     In stock 2026-09-25 11:26:44
                                                Starving Hearts (Triangular Trade Trilogy, #1)  13.99     In stock 2026-09-25 12:00:06
                                                Starving Hearts (Triangular Trade Trilogy, #1)  13.99     In stock 2026-09-25 13:00:05
                                                Starving Hearts (Triangular Trade Trilogy, #1)  13.99     In stock 2026-09-25 17:36:09
                                                Starving Hearts (Triangular Trade Trilogy, #1)  13.99     In stock 2026-09-25 18:31:32
                                                Starving Hearts (Triangular Trade Trilogy, #1)  13.99     In stock 2026-09-25 19:00:05
                                                Starving Hearts (Triangular Trade Trilogy, #1)  13.99     In stock 2026-09-25 19:00:05
                                                Starving Hearts (Triangular Trade Trilogy, #1)  13.99     In stock 2026-09-25 19:15:06
                                                Starving Hearts (Triangular Trade Trilogy, #1)  13.99     In stock 2026-09-25 19:30:05
                                                                               The Black Maria  52.15     In stock 2026-09-24 20:14:49
                                                                               The Black Maria  45.00     In stock 2026-09-24 20:19:23
                                                                               The Black Maria  52.15     In stock 2026-09-25 09:18:33
                                                                               The Black Maria  52.15     In stock 2026-09-25 09:28:30
                                                                               The Black Maria  52.15     In stock 2026-09-25 10:16:22
                                                                               The Black Maria  52.15     In stock 2026-09-25 10:30:32
                                                                               The Black Maria  52.15     In stock 2026-09-25 10:37:55
                                                                               The Black Maria  52.15     In stock 2026-09-25 10:38:27
                                                                               The Black Maria  52.15     In stock 2026-09-25 11:04:52
                                                                               The Black Maria  52.15     In stock 2026-09-25 11:25:35
                                                                               The Black Maria  52.15     In stock 2026-09-25 11:26:44
                                                                               The Black Maria  52.15     In stock 2026-09-25 12:00:06
                                                                               The Black Maria  52.15     In stock 2026-09-25 13:00:05
                                                                               The Black Maria  52.15     In stock 2026-09-25 17:36:09
                                                                               The Black Maria  52.15     In stock 2026-09-25 18:31:32
                                                                               The Black Maria  52.15     In stock 2026-09-25 19:00:05
                                                                               The Black Maria  52.15     In stock 2026-09-25 19:00:05
                                                                               The Black Maria  52.15     In stock 2026-09-25 19:15:06
                                                                               The Black Maria  52.15     In stock 2026-09-25 19:30:05
The Boys in the Boat: Nine Americans and Their Epic Quest for Gold at the 1936 Berlin Olympics  22.60     In stock 2026-09-24 20:14:49
The Boys in the Boat: Nine Americans and Their Epic Quest for Gold at the 1936 Berlin Olympics  22.60     In stock 2026-09-24 20:19:23
The Boys in the Boat: Nine Americans and Their Epic Quest for Gold at the 1936 Berlin Olympics  22.60     In stock 2026-09-25 09:18:33
The Boys in the Boat: Nine Americans and Their Epic Quest for Gold at the 1936 Berlin Olympics  22.60     In stock 2026-09-25 09:28:30
The Boys in the Boat: Nine Americans and Their Epic Quest for Gold at the 1936 Berlin Olympics  22.60     In stock 2026-09-25 10:16:22
The Boys in the Boat: Nine Americans and Their Epic Quest for Gold at the 1936 Berlin Olympics  22.60     In stock 2026-09-25 10:30:32
The Boys in the Boat: Nine Americans and Their Epic Quest for Gold at the 1936 Berlin Olympics  22.60     In stock 2026-09-25 10:37:55
The Boys in the Boat: Nine Americans and Their Epic Quest for Gold at the 1936 Berlin Olympics  22.60     In stock 2026-09-25 10:38:27
The Boys in the Boat: Nine Americans and Their Epic Quest for Gold at the 1936 Berlin Olympics  22.60     In stock 2026-09-25 11:04:52
The Boys in the Boat: Nine Americans and Their Epic Quest for Gold at the 1936 Berlin Olympics  22.60     In stock 2026-09-25 11:25:35
The Boys in the Boat: Nine Americans and Their Epic Quest for Gold at the 1936 Berlin Olympics  22.60     In stock 2026-09-25 11:26:44
The Boys in the Boat: Nine Americans and Their Epic Quest for Gold at the 1936 Berlin Olympics  22.60     In stock 2026-09-25 12:00:06
The Boys in the Boat: Nine Americans and Their Epic Quest for Gold at the 1936 Berlin Olympics  22.60     In stock 2026-09-25 13:00:05
The Boys in the Boat: Nine Americans and Their Epic Quest for Gold at the 1936 Berlin Olympics  22.60     In stock 2026-09-25 17:36:09
The Boys in the Boat: Nine Americans and Their Epic Quest for Gold at the 1936 Berlin Olympics  22.60     In stock 2026-09-25 18:31:32
The Boys in the Boat: Nine Americans and Their Epic Quest for Gold at the 1936 Berlin Olympics  22.60     In stock 2026-09-25 19:00:05
The Boys in the Boat: Nine Americans and Their Epic Quest for Gold at the 1936 Berlin Olympics  22.60     In stock 2026-09-25 19:00:05
The Boys in the Boat: Nine Americans and Their Epic Quest for Gold at the 1936 Berlin Olympics  22.60     In stock 2026-09-25 19:15:06
The Boys in the Boat: Nine Americans and Their Epic Quest for Gold at the 1936 Berlin Olympics  22.60     In stock 2026-09-25 19:30:05
       The Coming Woman: A Novel Based on the Life of the Infamous Feminist, Victoria Woodhull  17.93     In stock 2026-09-24 20:14:49
       The Coming Woman: A Novel Based on the Life of the Infamous Feminist, Victoria Woodhull  17.93     In stock 2026-09-24 20:19:23
       The Coming Woman: A Novel Based on the Life of the Infamous Feminist, Victoria Woodhull  17.93     In stock 2026-09-25 09:18:33
       The Coming Woman: A Novel Based on the Life of the Infamous Feminist, Victoria Woodhull  17.93     In stock 2026-09-25 09:28:30
       The Coming Woman: A Novel Based on the Life of the Infamous Feminist, Victoria Woodhull  17.93     In stock 2026-09-25 10:16:22
       The Coming Woman: A Novel Based on the Life of the Infamous Feminist, Victoria Woodhull  17.93     In stock 2026-09-25 10:30:32
       The Coming Woman: A Novel Based on the Life of the Infamous Feminist, Victoria Woodhull  17.93     In stock 2026-09-25 10:37:55
       The Coming Woman: A Novel Based on the Life of the Infamous Feminist, Victoria Woodhull  17.93     In stock 2026-09-25 10:38:27
       The Coming Woman: A Novel Based on the Life of the Infamous Feminist, Victoria Woodhull  17.93     In stock 2026-09-25 11:04:52
       The Coming Woman: A Novel Based on the Life of the Infamous Feminist, Victoria Woodhull  17.93     In stock 2026-09-25 11:25:35
       The Coming Woman: A Novel Based on the Life of the Infamous Feminist, Victoria Woodhull  17.93     In stock 2026-09-25 11:26:44
       The Coming Woman: A Novel Based on the Life of the Infamous Feminist, Victoria Woodhull  17.93     In stock 2026-09-25 12:00:06
       The Coming Woman: A Novel Based on the Life of the Infamous Feminist, Victoria Woodhull  17.93     In stock 2026-09-25 13:00:05
       The Coming Woman: A Novel Based on the Life of the Infamous Feminist, Victoria Woodhull  17.93     In stock 2026-09-25 17:36:09
       The Coming Woman: A Novel Based on the Life of the Infamous Feminist, Victoria Woodhull  17.93     In stock 2026-09-25 18:31:32
       The Coming Woman: A Novel Based on the Life of the Infamous Feminist, Victoria Woodhull  17.93     In stock 2026-09-25 19:00:05
       The Coming Woman: A Novel Based on the Life of the Infamous Feminist, Victoria Woodhull  17.93     In stock 2026-09-25 19:00:05
       The Coming Woman: A Novel Based on the Life of the Infamous Feminist, Victoria Woodhull  17.93     In stock 2026-09-25 19:15:06
       The Coming Woman: A Novel Based on the Life of the Infamous Feminist, Victoria Woodhull  17.93     In stock 2026-09-25 19:30:05
                                            The Dirty Little Secrets of Getting Your Dream Job  33.34     In stock 2026-09-24 20:14:49
                                            The Dirty Little Secrets of Getting Your Dream Job  33.34     In stock 2026-09-24 20:19:23
                                            The Dirty Little Secrets of Getting Your Dream Job  33.34     In stock 2026-09-25 09:18:33
                                            The Dirty Little Secrets of Getting Your Dream Job  33.34     In stock 2026-09-25 09:28:30
                                            The Dirty Little Secrets of Getting Your Dream Job  33.34     In stock 2026-09-25 10:16:22
                                            The Dirty Little Secrets of Getting Your Dream Job  33.34     In stock 2026-09-25 10:30:32
                                            The Dirty Little Secrets of Getting Your Dream Job  33.34     In stock 2026-09-25 10:37:55
                                            The Dirty Little Secrets of Getting Your Dream Job  33.34     In stock 2026-09-25 10:38:27
                                            The Dirty Little Secrets of Getting Your Dream Job  33.34     In stock 2026-09-25 11:04:52
                                            The Dirty Little Secrets of Getting Your Dream Job  33.34     In stock 2026-09-25 11:25:35
                                            The Dirty Little Secrets of Getting Your Dream Job  33.34     In stock 2026-09-25 11:26:44
                                            The Dirty Little Secrets of Getting Your Dream Job  33.34     In stock 2026-09-25 12:00:06
                                            The Dirty Little Secrets of Getting Your Dream Job  33.34     In stock 2026-09-25 13:00:05
                                            The Dirty Little Secrets of Getting Your Dream Job  33.34     In stock 2026-09-25 17:36:09
                                            The Dirty Little Secrets of Getting Your Dream Job  33.34     In stock 2026-09-25 18:31:32
                                            The Dirty Little Secrets of Getting Your Dream Job  33.34     In stock 2026-09-25 19:00:05
                                            The Dirty Little Secrets of Getting Your Dream Job  33.34     In stock 2026-09-25 19:00:05
                                            The Dirty Little Secrets of Getting Your Dream Job  33.34     In stock 2026-09-25 19:15:06
                                            The Dirty Little Secrets of Getting Your Dream Job  33.34     In stock 2026-09-25 19:30:05
                                                                               The Requiem Red  22.65     In stock 2026-09-24 20:14:49
                                                                               The Requiem Red  22.65     In stock 2026-09-24 20:19:23
                                                                               The Requiem Red  22.65     In stock 2026-09-25 09:18:33
                                                                               The Requiem Red  22.65     In stock 2026-09-25 09:28:30
                                                                               The Requiem Red  22.65     In stock 2026-09-25 10:16:22
                                                                               The Requiem Red  22.65     In stock 2026-09-25 10:30:32
                                                                               The Requiem Red  22.65     In stock 2026-09-25 10:37:55
                                                                               The Requiem Red  22.65     In stock 2026-09-25 10:38:27
                                                                               The Requiem Red  22.65     In stock 2026-09-25 11:04:52
                                                                               The Requiem Red  22.65     In stock 2026-09-25 11:25:35
                                                                               The Requiem Red  22.65     In stock 2026-09-25 11:26:44
                                                                               The Requiem Red  22.65     In stock 2026-09-25 12:00:06
                                                                               The Requiem Red  22.65     In stock 2026-09-25 13:00:05
                                                                               The Requiem Red  22.65     In stock 2026-09-25 17:36:09
                                                                               The Requiem Red  22.65     In stock 2026-09-25 18:31:32
                                                                               The Requiem Red  22.65     In stock 2026-09-25 19:00:05
                                                                               The Requiem Red  22.65     In stock 2026-09-25 19:00:05
                                                                               The Requiem Red  22.65     In stock 2026-09-25 19:15:06
                                                                               The Requiem Red  22.65     In stock 2026-09-25 19:30:05
                                                                            Tipping the Velvet  53.74     In stock 2026-09-24 20:14:49
                                                                            Tipping the Velvet  53.74     In stock 2026-09-24 20:19:23
                                                                            Tipping the Velvet  53.74     In stock 2026-09-25 09:18:33
                                                                            Tipping the Velvet  53.74     In stock 2026-09-25 09:28:30
                                                                            Tipping the Velvet  53.74     In stock 2026-09-25 10:16:22
                                                                            Tipping the Velvet  53.74     In stock 2026-09-25 10:30:32
                                                                            Tipping the Velvet  53.74     In stock 2026-09-25 10:37:55
                                                                            Tipping the Velvet  53.74     In stock 2026-09-25 10:38:27
                                                                            Tipping the Velvet  53.74     In stock 2026-09-25 11:04:52
                                                                            Tipping the Velvet  53.74     In stock 2026-09-25 11:25:35
                                                                            Tipping the Velvet  53.74     In stock 2026-09-25 11:26:44
                                                                            Tipping the Velvet  53.74     In stock 2026-09-25 12:00:06
                                                                            Tipping the Velvet  53.74     In stock 2026-09-25 13:00:05
                                                                            Tipping the Velvet  53.74     In stock 2026-09-25 17:36:09
                                                                            Tipping the Velvet  53.74     In stock 2026-09-25 18:31:32
                                                                            Tipping the Velvet  53.74     In stock 2026-09-25 19:00:05
                                                                            Tipping the Velvet  53.74     In stock 2026-09-25 19:00:05
                                                                            Tipping the Velvet  53.74     In stock 2026-09-25 19:15:06
                                                                            Tipping the Velvet  53.74     In stock 2026-09-25 19:30:05


PRICE DROP CHECK
======================================================================

========== PRICE TRACKER RUN ==========

1. Scraping prices...

2. Checking price drops...

========== RUN COMPLETE ==========

Status: 200
                                                title  ...           scraped_at
0                                A Light in the Attic  ...  2026-09-25 19:45:07
1                                  Tipping the Velvet  ...  2026-09-25 19:45:07
2                                          Soumission  ...  2026-09-25 19:45:07
3                                       Sharp Objects  ...  2026-09-25 19:45:07
4               Sapiens: A Brief History of Humankind  ...  2026-09-25 19:45:07
5                                     The Requiem Red  ...  2026-09-25 19:45:07
6   The Dirty Little Secrets of Getting Your Dream...  ...  2026-09-25 19:45:07
7   The Coming Woman: A Novel Based on the Life of...  ...  2026-09-25 19:45:07
8   The Boys in the Boat: Nine Americans and Their...  ...  2026-09-25 19:45:07
9                                     The Black Maria  ...  2026-09-25 19:45:07
10     Starving Hearts (Triangular Trade Trilogy, #1)  ...  2026-09-25 19:45:07
11                              Shakespeare's Sonnets  ...  2026-09-25 19:45:07
12                                        Set Me Free  ...  2026-09-25 19:45:07
13  Scott Pilgrim's Precious Little Life (Scott Pi...  ...  2026-09-25 19:45:07
14                          Rip it Up and Start Again  ...  2026-09-25 19:45:07
15  Our Band Could Be Your Life: Scenes from the A...  ...  2026-09-25 19:45:07
16                                               Olio  ...  2026-09-25 19:45:07
17  Mesaerion: The Best Science Fiction Stories 18...  ...  2026-09-25 19:45:07
18                       Libertarianism for Beginners  ...  2026-09-25 19:45:07
19                            It's Only the Himalayas  ...  2026-09-25 19:45:07

[20 rows x 4 columns]
Data saved to database!

Data from SQLite:
                                   title   price availability
0                   A Light in the Attic  £51.77     In stock
1                     Tipping the Velvet  £53.74     In stock
2                             Soumission  £50.10     In stock
3                          Sharp Objects  £47.82     In stock
4  Sapiens: A Brief History of Humankind  £54.23     In stock

PRICE HISTORY
======================================================================
                                                                                         title  price availability          scraped_at
                                                                          A Light in the Attic  51.77     In stock 2026-09-24 20:14:49
                                                                          A Light in the Attic  40.00     In stock 2026-09-24 20:19:23
                                                                          A Light in the Attic  51.77     In stock 2026-09-25 09:18:33
                                                                          A Light in the Attic  51.77     In stock 2026-09-25 09:28:30
                                                                          A Light in the Attic  51.77     In stock 2026-09-25 10:16:22
                                                                          A Light in the Attic  51.77     In stock 2026-09-25 10:30:32
                                                                          A Light in the Attic  51.77     In stock 2026-09-25 10:37:55
                                                                          A Light in the Attic  51.77     In stock 2026-09-25 10:38:27
                                                                          A Light in the Attic  51.77     In stock 2026-09-25 11:04:52
                                                                          A Light in the Attic  51.77     In stock 2026-09-25 11:25:35
                                                                          A Light in the Attic  51.77     In stock 2026-09-25 11:26:44
                                                                          A Light in the Attic  51.77     In stock 2026-09-25 12:00:06
                                                                          A Light in the Attic  51.77     In stock 2026-09-25 13:00:05
                                                                          A Light in the Attic  51.77     In stock 2026-09-25 17:36:09
                                                                          A Light in the Attic  51.77     In stock 2026-09-25 18:31:32
                                                                          A Light in the Attic  51.77     In stock 2026-09-25 19:00:05
                                                                          A Light in the Attic  51.77     In stock 2026-09-25 19:00:05
                                                                          A Light in the Attic  51.77     In stock 2026-09-25 19:15:06
                                                                          A Light in the Attic  51.77     In stock 2026-09-25 19:30:05
                                                                          A Light in the Attic  51.77     In stock 2026-09-25 19:33:58
                                                                          A Light in the Attic  51.77     In stock 2026-09-25 19:45:07
                                                                       It's Only the Himalayas  45.17     In stock 2026-09-24 20:14:49
                                                                       It's Only the Himalayas  45.17     In stock 2026-09-24 20:19:23
                                                                       It's Only the Himalayas  45.17     In stock 2026-09-25 09:18:33
                                                                       It's Only the Himalayas  45.17     In stock 2026-09-25 09:28:30
                                                                       It's Only the Himalayas  45.17     In stock 2026-09-25 10:16:22
                                                                       It's Only the Himalayas  45.17     In stock 2026-09-25 10:30:32
                                                                       It's Only the Himalayas  45.17     In stock 2026-09-25 10:37:55
                                                                       It's Only the Himalayas  45.17     In stock 2026-09-25 10:38:27
                                                                       It's Only the Himalayas  45.17     In stock 2026-09-25 11:04:52
                                                                       It's Only the Himalayas  45.17     In stock 2026-09-25 11:25:35
                                                                       It's Only the Himalayas  45.17     In stock 2026-09-25 11:26:44
                                                                       It's Only the Himalayas  45.17     In stock 2026-09-25 12:00:06
                                                                       It's Only the Himalayas  45.17     In stock 2026-09-25 13:00:05
                                                                       It's Only the Himalayas  45.17     In stock 2026-09-25 17:36:09
                                                                       It's Only the Himalayas  45.17     In stock 2026-09-25 18:31:32
                                                                       It's Only the Himalayas  45.17     In stock 2026-09-25 19:00:05
                                                                       It's Only the Himalayas  45.17     In stock 2026-09-25 19:00:05
                                                                       It's Only the Himalayas  45.17     In stock 2026-09-25 19:15:06
                                                                       It's Only the Himalayas  45.17     In stock 2026-09-25 19:30:05
                                                                       It's Only the Himalayas  45.17     In stock 2026-09-25 19:33:58
                                                                       It's Only the Himalayas  45.17     In stock 2026-09-25 19:45:07
                                                                  Libertarianism for Beginners  51.33     In stock 2026-09-24 20:14:49
                                                                  Libertarianism for Beginners  51.33     In stock 2026-09-24 20:19:23
                                                                  Libertarianism for Beginners  51.33     In stock 2026-09-25 09:18:33
                                                                  Libertarianism for Beginners  51.33     In stock 2026-09-25 09:28:30
                                                                  Libertarianism for Beginners  51.33     In stock 2026-09-25 10:16:22
                                                                  Libertarianism for Beginners  51.33     In stock 2026-09-25 10:30:32
                                                                  Libertarianism for Beginners  51.33     In stock 2026-09-25 10:37:55
                                                                  Libertarianism for Beginners  51.33     In stock 2026-09-25 10:38:27
                                                                  Libertarianism for Beginners  51.33     In stock 2026-09-25 11:04:52
                                                                  Libertarianism for Beginners  51.33     In stock 2026-09-25 11:25:35
                                                                  Libertarianism for Beginners  51.33     In stock 2026-09-25 11:26:44
                                                                  Libertarianism for Beginners  51.33     In stock 2026-09-25 12:00:06
                                                                  Libertarianism for Beginners  51.33     In stock 2026-09-25 13:00:05
                                                                  Libertarianism for Beginners  51.33     In stock 2026-09-25 17:36:09
                                                                  Libertarianism for Beginners  51.33     In stock 2026-09-25 18:31:32
                                                                  Libertarianism for Beginners  51.33     In stock 2026-09-25 19:00:05
                                                                  Libertarianism for Beginners  51.33     In stock 2026-09-25 19:00:05
                                                                  Libertarianism for Beginners  51.33     In stock 2026-09-25 19:15:06
                                                                  Libertarianism for Beginners  51.33     In stock 2026-09-25 19:30:05
                                                                  Libertarianism for Beginners  51.33     In stock 2026-09-25 19:33:58
                                                                  Libertarianism for Beginners  51.33     In stock 2026-09-25 19:45:07
                                         Mesaerion: The Best Science Fiction Stories 1800-1849  37.59     In stock 2026-09-24 20:14:49
                                         Mesaerion: The Best Science Fiction Stories 1800-1849  37.59     In stock 2026-09-24 20:19:23
                                         Mesaerion: The Best Science Fiction Stories 1800-1849  37.59     In stock 2026-09-25 09:18:33
                                         Mesaerion: The Best Science Fiction Stories 1800-1849  37.59     In stock 2026-09-25 09:28:30
                                         Mesaerion: The Best Science Fiction Stories 1800-1849  37.59     In stock 2026-09-25 10:16:22
                                         Mesaerion: The Best Science Fiction Stories 1800-1849  37.59     In stock 2026-09-25 10:30:32
                                         Mesaerion: The Best Science Fiction Stories 1800-1849  37.59     In stock 2026-09-25 10:37:55
                                         Mesaerion: The Best Science Fiction Stories 1800-1849  37.59     In stock 2026-09-25 10:38:27
                                         Mesaerion: The Best Science Fiction Stories 1800-1849  37.59     In stock 2026-09-25 11:04:52
                                         Mesaerion: The Best Science Fiction Stories 1800-1849  37.59     In stock 2026-09-25 11:25:35
                                         Mesaerion: The Best Science Fiction Stories 1800-1849  37.59     In stock 2026-09-25 11:26:44
                                         Mesaerion: The Best Science Fiction Stories 1800-1849  37.59     In stock 2026-09-25 12:00:06
                                         Mesaerion: The Best Science Fiction Stories 1800-1849  37.59     In stock 2026-09-25 13:00:05
                                         Mesaerion: The Best Science Fiction Stories 1800-1849  37.59     In stock 2026-09-25 17:36:09
                                         Mesaerion: The Best Science Fiction Stories 1800-1849  37.59     In stock 2026-09-25 18:31:32
                                         Mesaerion: The Best Science Fiction Stories 1800-1849  37.59     In stock 2026-09-25 19:00:05
                                         Mesaerion: The Best Science Fiction Stories 1800-1849  37.59     In stock 2026-09-25 19:00:05
                                         Mesaerion: The Best Science Fiction Stories 1800-1849  37.59     In stock 2026-09-25 19:15:06
                                         Mesaerion: The Best Science Fiction Stories 1800-1849  37.59     In stock 2026-09-25 19:30:05
                                         Mesaerion: The Best Science Fiction Stories 1800-1849  37.59     In stock 2026-09-25 19:33:58
                                         Mesaerion: The Best Science Fiction Stories 1800-1849  37.59     In stock 2026-09-25 19:45:07
                                                                                          Olio  23.88     In stock 2026-09-24 20:14:49
                                                                                          Olio  23.88     In stock 2026-09-24 20:19:23
                                                                                          Olio  23.88     In stock 2026-09-25 09:18:33
                                                                                          Olio  23.88     In stock 2026-09-25 09:28:30
                                                                                          Olio  23.88     In stock 2026-09-25 10:16:22
                                                                                          Olio  23.88     In stock 2026-09-25 10:30:32
                                                                                          Olio  23.88     In stock 2026-09-25 10:37:55
                                                                                          Olio  23.88     In stock 2026-09-25 10:38:27
                                                                                          Olio  23.88     In stock 2026-09-25 11:04:52
                                                                                          Olio  23.88     In stock 2026-09-25 11:25:35
                                                                                          Olio  23.88     In stock 2026-09-25 11:26:44
                                                                                          Olio  23.88     In stock 2026-09-25 12:00:06
                                                                                          Olio  23.88     In stock 2026-09-25 13:00:05
                                                                                          Olio  23.88     In stock 2026-09-25 17:36:09
                                                                                          Olio  23.88     In stock 2026-09-25 18:31:32
                                                                                          Olio  23.88     In stock 2026-09-25 19:00:05
                                                                                          Olio  23.88     In stock 2026-09-25 19:00:05
                                                                                          Olio  23.88     In stock 2026-09-25 19:15:06
                                                                                          Olio  23.88     In stock 2026-09-25 19:30:05
                                                                                          Olio  23.88     In stock 2026-09-25 19:33:58
                                                                                          Olio  23.88     In stock 2026-09-25 19:45:07
            Our Band Could Be Your Life: Scenes from the American Indie Underground, 1981-1991  57.25     In stock 2026-09-24 20:14:49
            Our Band Could Be Your Life: Scenes from the American Indie Underground, 1981-1991  57.25     In stock 2026-09-24 20:19:23
            Our Band Could Be Your Life: Scenes from the American Indie Underground, 1981-1991  57.25     In stock 2026-09-25 09:18:33
            Our Band Could Be Your Life: Scenes from the American Indie Underground, 1981-1991  57.25     In stock 2026-09-25 09:28:30
            Our Band Could Be Your Life: Scenes from the American Indie Underground, 1981-1991  57.25     In stock 2026-09-25 10:16:22
            Our Band Could Be Your Life: Scenes from the American Indie Underground, 1981-1991  57.25     In stock 2026-09-25 10:30:32
            Our Band Could Be Your Life: Scenes from the American Indie Underground, 1981-1991  57.25     In stock 2026-09-25 10:37:55
            Our Band Could Be Your Life: Scenes from the American Indie Underground, 1981-1991  57.25     In stock 2026-09-25 10:38:27
            Our Band Could Be Your Life: Scenes from the American Indie Underground, 1981-1991  57.25     In stock 2026-09-25 11:04:52
            Our Band Could Be Your Life: Scenes from the American Indie Underground, 1981-1991  57.25     In stock 2026-09-25 11:25:35
            Our Band Could Be Your Life: Scenes from the American Indie Underground, 1981-1991  57.25     In stock 2026-09-25 11:26:44
            Our Band Could Be Your Life: Scenes from the American Indie Underground, 1981-1991  57.25     In stock 2026-09-25 12:00:06
            Our Band Could Be Your Life: Scenes from the American Indie Underground, 1981-1991  57.25     In stock 2026-09-25 13:00:05
            Our Band Could Be Your Life: Scenes from the American Indie Underground, 1981-1991  57.25     In stock 2026-09-25 17:36:09
            Our Band Could Be Your Life: Scenes from the American Indie Underground, 1981-1991  57.25     In stock 2026-09-25 18:31:32
            Our Band Could Be Your Life: Scenes from the American Indie Underground, 1981-1991  57.25     In stock 2026-09-25 19:00:05
            Our Band Could Be Your Life: Scenes from the American Indie Underground, 1981-1991  57.25     In stock 2026-09-25 19:00:05
            Our Band Could Be Your Life: Scenes from the American Indie Underground, 1981-1991  57.25     In stock 2026-09-25 19:15:06
            Our Band Could Be Your Life: Scenes from the American Indie Underground, 1981-1991  57.25     In stock 2026-09-25 19:30:05
            Our Band Could Be Your Life: Scenes from the American Indie Underground, 1981-1991  57.25     In stock 2026-09-25 19:33:58
            Our Band Could Be Your Life: Scenes from the American Indie Underground, 1981-1991  57.25     In stock 2026-09-25 19:45:07
                                                                     Rip it Up and Start Again  35.02     In stock 2026-09-24 20:14:49
                                                                     Rip it Up and Start Again  35.02     In stock 2026-09-24 20:19:23
                                                                     Rip it Up and Start Again  35.02     In stock 2026-09-25 09:18:33
                                                                     Rip it Up and Start Again  35.02     In stock 2026-09-25 09:28:30
                                                                     Rip it Up and Start Again  35.02     In stock 2026-09-25 10:16:22
                                                                     Rip it Up and Start Again  35.02     In stock 2026-09-25 10:30:32
                                                                     Rip it Up and Start Again  35.02     In stock 2026-09-25 10:37:55
                                                                     Rip it Up and Start Again  35.02     In stock 2026-09-25 10:38:27
                                                                     Rip it Up and Start Again  35.02     In stock 2026-09-25 11:04:52
                                                                     Rip it Up and Start Again  35.02     In stock 2026-09-25 11:25:35
                                                                     Rip it Up and Start Again  35.02     In stock 2026-09-25 11:26:44
                                                                     Rip it Up and Start Again  35.02     In stock 2026-09-25 12:00:06
                                                                     Rip it Up and Start Again  35.02     In stock 2026-09-25 13:00:05
                                                                     Rip it Up and Start Again  35.02     In stock 2026-09-25 17:36:09
                                                                     Rip it Up and Start Again  35.02     In stock 2026-09-25 18:31:32
                                                                     Rip it Up and Start Again  35.02     In stock 2026-09-25 19:00:05
                                                                     Rip it Up and Start Again  35.02     In stock 2026-09-25 19:00:05
                                                                     Rip it Up and Start Again  35.02     In stock 2026-09-25 19:15:06
                                                                     Rip it Up and Start Again  35.02     In stock 2026-09-25 19:30:05
                                                                     Rip it Up and Start Again  35.02     In stock 2026-09-25 19:33:58
                                                                     Rip it Up and Start Again  35.02     In stock 2026-09-25 19:45:07
                                                         Sapiens: A Brief History of Humankind  54.23     In stock 2026-09-24 20:14:49
                                                         Sapiens: A Brief History of Humankind  54.23     In stock 2026-09-24 20:19:23
                                                         Sapiens: A Brief History of Humankind  54.23     In stock 2026-09-25 09:18:33
                                                         Sapiens: A Brief History of Humankind  54.23     In stock 2026-09-25 09:28:30
                                                         Sapiens: A Brief History of Humankind  54.23     In stock 2026-09-25 10:16:22
                                                         Sapiens: A Brief History of Humankind  54.23     In stock 2026-09-25 10:30:32
                                                         Sapiens: A Brief History of Humankind  54.23     In stock 2026-09-25 10:37:55
                                                         Sapiens: A Brief History of Humankind  54.23     In stock 2026-09-25 10:38:27
                                                         Sapiens: A Brief History of Humankind  54.23     In stock 2026-09-25 11:04:52
                                                         Sapiens: A Brief History of Humankind  54.23     In stock 2026-09-25 11:25:35
                                                         Sapiens: A Brief History of Humankind  54.23     In stock 2026-09-25 11:26:44
                                                         Sapiens: A Brief History of Humankind  54.23     In stock 2026-09-25 12:00:06
                                                         Sapiens: A Brief History of Humankind  54.23     In stock 2026-09-25 13:00:05
                                                         Sapiens: A Brief History of Humankind  54.23     In stock 2026-09-25 17:36:09
                                                         Sapiens: A Brief History of Humankind  54.23     In stock 2026-09-25 18:31:32
                                                         Sapiens: A Brief History of Humankind  54.23     In stock 2026-09-25 19:00:05
                                                         Sapiens: A Brief History of Humankind  54.23     In stock 2026-09-25 19:00:05
                                                         Sapiens: A Brief History of Humankind  54.23     In stock 2026-09-25 19:15:06
                                                         Sapiens: A Brief History of Humankind  54.23     In stock 2026-09-25 19:30:05
                                                         Sapiens: A Brief History of Humankind  54.23     In stock 2026-09-25 19:33:58
                                                         Sapiens: A Brief History of Humankind  54.23     In stock 2026-09-25 19:45:07
                                       Scott Pilgrim's Precious Little Life (Scott Pilgrim #1)  52.29     In stock 2026-09-24 20:14:49
                                       Scott Pilgrim's Precious Little Life (Scott Pilgrim #1)  52.29     In stock 2026-09-24 20:19:23
                                       Scott Pilgrim's Precious Little Life (Scott Pilgrim #1)  52.29     In stock 2026-09-25 09:18:33
                                       Scott Pilgrim's Precious Little Life (Scott Pilgrim #1)  52.29     In stock 2026-09-25 09:28:30
                                       Scott Pilgrim's Precious Little Life (Scott Pilgrim #1)  52.29     In stock 2026-09-25 10:16:22
                                       Scott Pilgrim's Precious Little Life (Scott Pilgrim #1)  52.29     In stock 2026-09-25 10:30:32
                                       Scott Pilgrim's Precious Little Life (Scott Pilgrim #1)  52.29     In stock 2026-09-25 10:37:55
                                       Scott Pilgrim's Precious Little Life (Scott Pilgrim #1)  52.29     In stock 2026-09-25 10:38:27
                                       Scott Pilgrim's Precious Little Life (Scott Pilgrim #1)  52.29     In stock 2026-09-25 11:04:52
                                       Scott Pilgrim's Precious Little Life (Scott Pilgrim #1)  52.29     In stock 2026-09-25 11:25:35
                                       Scott Pilgrim's Precious Little Life (Scott Pilgrim #1)  52.29     In stock 2026-09-25 11:26:44
                                       Scott Pilgrim's Precious Little Life (Scott Pilgrim #1)  52.29     In stock 2026-09-25 12:00:06
                                       Scott Pilgrim's Precious Little Life (Scott Pilgrim #1)  52.29     In stock 2026-09-25 13:00:05
                                       Scott Pilgrim's Precious Little Life (Scott Pilgrim #1)  52.29     In stock 2026-09-25 17:36:09
                                       Scott Pilgrim's Precious Little Life (Scott Pilgrim #1)  52.29     In stock 2026-09-25 18:31:32
                                       Scott Pilgrim's Precious Little Life (Scott Pilgrim #1)  52.29     In stock 2026-09-25 19:00:05
                                       Scott Pilgrim's Precious Little Life (Scott Pilgrim #1)  52.29     In stock 2026-09-25 19:00:05
                                       Scott Pilgrim's Precious Little Life (Scott Pilgrim #1)  52.29     In stock 2026-09-25 19:15:06
                                       Scott Pilgrim's Precious Little Life (Scott Pilgrim #1)  52.29     In stock 2026-09-25 19:30:05
                                       Scott Pilgrim's Precious Little Life (Scott Pilgrim #1)  52.29     In stock 2026-09-25 19:33:58
                                       Scott Pilgrim's Precious Little Life (Scott Pilgrim #1)  52.29     In stock 2026-09-25 19:45:07
                                                                                   Set Me Free  17.46     In stock 2026-09-24 20:14:49
                                                                                   Set Me Free  17.46     In stock 2026-09-24 20:19:23
                                                                                   Set Me Free  17.46     In stock 2026-09-25 09:18:33
                                                                                   Set Me Free  17.46     In stock 2026-09-25 09:28:30
                                                                                   Set Me Free  17.46     In stock 2026-09-25 10:16:22
                                                                                   Set Me Free  17.46     In stock 2026-09-25 10:30:32
                                                                                   Set Me Free  17.46     In stock 2026-09-25 10:37:55
                                                                                   Set Me Free  17.46     In stock 2026-09-25 10:38:27
                                                                                   Set Me Free  17.46     In stock 2026-09-25 11:04:52
                                                                                   Set Me Free  17.46     In stock 2026-09-25 11:25:35
                                                                                   Set Me Free  17.46     In stock 2026-09-25 11:26:44
                                                                                   Set Me Free  17.46     In stock 2026-09-25 12:00:06
                                                                                   Set Me Free  17.46     In stock 2026-09-25 13:00:05
                                                                                   Set Me Free  17.46     In stock 2026-09-25 17:36:09
                                                                                   Set Me Free  17.46     In stock 2026-09-25 18:31:32
                                                                                   Set Me Free  17.46     In stock 2026-09-25 19:00:05
                                                                                   Set Me Free  17.46     In stock 2026-09-25 19:00:05
                                                                                   Set Me Free  17.46     In stock 2026-09-25 19:15:06
                                                                                   Set Me Free  17.46     In stock 2026-09-25 19:30:05
                                                                                   Set Me Free  17.46     In stock 2026-09-25 19:33:58
                                                                                   Set Me Free  17.46     In stock 2026-09-25 19:45:07
                                                                         Shakespeare's Sonnets  20.66     In stock 2026-09-24 20:14:49
                                                                         Shakespeare's Sonnets  20.66     In stock 2026-09-24 20:19:23
                                                                         Shakespeare's Sonnets  20.66     In stock 2026-09-25 09:18:33
                                                                         Shakespeare's Sonnets  20.66     In stock 2026-09-25 09:28:30
                                                                         Shakespeare's Sonnets  20.66     In stock 2026-09-25 10:16:22
                                                                         Shakespeare's Sonnets  20.66     In stock 2026-09-25 10:30:32
                                                                         Shakespeare's Sonnets  20.66     In stock 2026-09-25 10:37:55
                                                                         Shakespeare's Sonnets  20.66     In stock 2026-09-25 10:38:27
                                                                         Shakespeare's Sonnets  20.66     In stock 2026-09-25 11:04:52
                                                                         Shakespeare's Sonnets  20.66     In stock 2026-09-25 11:25:35
                                                                         Shakespeare's Sonnets  20.66     In stock 2026-09-25 11:26:44
                                                                         Shakespeare's Sonnets  20.66     In stock 2026-09-25 12:00:06
                                                                         Shakespeare's Sonnets  20.66     In stock 2026-09-25 13:00:05
                                                                         Shakespeare's Sonnets  20.66     In stock 2026-09-25 17:36:09
                                                                         Shakespeare's Sonnets  20.66     In stock 2026-09-25 18:31:32
                                                                         Shakespeare's Sonnets  20.66     In stock 2026-09-25 19:00:05
                                                                         Shakespeare's Sonnets  20.66     In stock 2026-09-25 19:00:05
                                                                         Shakespeare's Sonnets  20.66     In stock 2026-09-25 19:15:06
                                                                         Shakespeare's Sonnets  20.66     In stock 2026-09-25 19:30:05
                                                                         Shakespeare's Sonnets  20.66     In stock 2026-09-25 19:33:58
                                                                         Shakespeare's Sonnets  20.66     In stock 2026-09-25 19:45:07
                                                                                 Sharp Objects  47.82     In stock 2026-09-24 20:14:49
                                                                                 Sharp Objects  47.82     In stock 2026-09-24 20:19:23
                                                                                 Sharp Objects  47.82     In stock 2026-09-25 09:18:33
                                                                                 Sharp Objects  47.82     In stock 2026-09-25 09:28:30
                                                                                 Sharp Objects  47.82     In stock 2026-09-25 10:16:22
                                                                                 Sharp Objects  47.82     In stock 2026-09-25 10:30:32
                                                                                 Sharp Objects  47.82     In stock 2026-09-25 10:37:55
                                                                                 Sharp Objects  47.82     In stock 2026-09-25 10:38:27
                                                                                 Sharp Objects  47.82     In stock 2026-09-25 11:04:52
                                                                                 Sharp Objects  47.82     In stock 2026-09-25 11:25:35
                                                                                 Sharp Objects  47.82     In stock 2026-09-25 11:26:44
                                                                                 Sharp Objects  47.82     In stock 2026-09-25 12:00:06
                                                                                 Sharp Objects  47.82     In stock 2026-09-25 13:00:05
                                                                                 Sharp Objects  47.82     In stock 2026-09-25 17:36:09
                                                                                 Sharp Objects  47.82     In stock 2026-09-25 18:31:32
                                                                                 Sharp Objects  47.82     In stock 2026-09-25 19:00:05
                                                                                 Sharp Objects  47.82     In stock 2026-09-25 19:00:05
                                                                                 Sharp Objects  47.82     In stock 2026-09-25 19:15:06
                                                                                 Sharp Objects  47.82     In stock 2026-09-25 19:30:05
                                                                                 Sharp Objects  47.82     In stock 2026-09-25 19:33:58
                                                                                 Sharp Objects  47.82     In stock 2026-09-25 19:45:07
                                                                                    Soumission  50.10     In stock 2026-09-24 20:14:49
                                                                                    Soumission  50.10     In stock 2026-09-24 20:19:23
                                                                                    Soumission  50.10     In stock 2026-09-25 09:18:33
                                                                                    Soumission  50.10     In stock 2026-09-25 09:28:30
                                                                                    Soumission  50.10     In stock 2026-09-25 10:16:22
                                                                                    Soumission  50.10     In stock 2026-09-25 10:30:32
                                                                                    Soumission  50.10     In stock 2026-09-25 10:37:55
                                                                                    Soumission  50.10     In stock 2026-09-25 10:38:27
                                                                                    Soumission  50.10     In stock 2026-09-25 11:04:52
                                                                                    Soumission  50.10     In stock 2026-09-25 11:25:35
                                                                                    Soumission  50.10     In stock 2026-09-25 11:26:44
                                                                                    Soumission  50.10     In stock 2026-09-25 12:00:06
                                                                                    Soumission  50.10     In stock 2026-09-25 13:00:05
                                                                                    Soumission  50.10     In stock 2026-09-25 17:36:09
                                                                                    Soumission  50.10     In stock 2026-09-25 18:31:32
                                                                                    Soumission  50.10     In stock 2026-09-25 19:00:05
                                                                                    Soumission  50.10     In stock 2026-09-25 19:00:05
                                                                                    Soumission  50.10     In stock 2026-09-25 19:15:06
                                                                                    Soumission  50.10     In stock 2026-09-25 19:30:05
                                                                                    Soumission  50.10     In stock 2026-09-25 19:33:58
                                                                                    Soumission  50.10     In stock 2026-09-25 19:45:07
                                                Starving Hearts (Triangular Trade Trilogy, #1)  13.99     In stock 2026-09-24 20:14:49
                                                Starving Hearts (Triangular Trade Trilogy, #1)  13.99     In stock 2026-09-24 20:19:23
                                                Starving Hearts (Triangular Trade Trilogy, #1)  13.99     In stock 2026-09-25 09:18:33
                                                Starving Hearts (Triangular Trade Trilogy, #1)  13.99     In stock 2026-09-25 09:28:30
                                                Starving Hearts (Triangular Trade Trilogy, #1)  13.99     In stock 2026-09-25 10:16:22
                                                Starving Hearts (Triangular Trade Trilogy, #1)  13.99     In stock 2026-09-25 10:30:32
                                                Starving Hearts (Triangular Trade Trilogy, #1)  13.99     In stock 2026-09-25 10:37:55
                                                Starving Hearts (Triangular Trade Trilogy, #1)  13.99     In stock 2026-09-25 10:38:27
                                                Starving Hearts (Triangular Trade Trilogy, #1)  13.99     In stock 2026-09-25 11:04:52
                                                Starving Hearts (Triangular Trade Trilogy, #1)  13.99     In stock 2026-09-25 11:25:35
                                                Starving Hearts (Triangular Trade Trilogy, #1)  13.99     In stock 2026-09-25 11:26:44
                                                Starving Hearts (Triangular Trade Trilogy, #1)  13.99     In stock 2026-09-25 12:00:06
                                                Starving Hearts (Triangular Trade Trilogy, #1)  13.99     In stock 2026-09-25 13:00:05
                                                Starving Hearts (Triangular Trade Trilogy, #1)  13.99     In stock 2026-09-25 17:36:09
                                                Starving Hearts (Triangular Trade Trilogy, #1)  13.99     In stock 2026-09-25 18:31:32
                                                Starving Hearts (Triangular Trade Trilogy, #1)  13.99     In stock 2026-09-25 19:00:05
                                                Starving Hearts (Triangular Trade Trilogy, #1)  13.99     In stock 2026-09-25 19:00:05
                                                Starving Hearts (Triangular Trade Trilogy, #1)  13.99     In stock 2026-09-25 19:15:06
                                                Starving Hearts (Triangular Trade Trilogy, #1)  13.99     In stock 2026-09-25 19:30:05
                                                Starving Hearts (Triangular Trade Trilogy, #1)  13.99     In stock 2026-09-25 19:33:58
                                                Starving Hearts (Triangular Trade Trilogy, #1)  13.99     In stock 2026-09-25 19:45:07
                                                                               The Black Maria  52.15     In stock 2026-09-24 20:14:49
                                                                               The Black Maria  45.00     In stock 2026-09-24 20:19:23
                                                                               The Black Maria  52.15     In stock 2026-09-25 09:18:33
                                                                               The Black Maria  52.15     In stock 2026-09-25 09:28:30
                                                                               The Black Maria  52.15     In stock 2026-09-25 10:16:22
                                                                               The Black Maria  52.15     In stock 2026-09-25 10:30:32
                                                                               The Black Maria  52.15     In stock 2026-09-25 10:37:55
                                                                               The Black Maria  52.15     In stock 2026-09-25 10:38:27
                                                                               The Black Maria  52.15     In stock 2026-09-25 11:04:52
                                                                               The Black Maria  52.15     In stock 2026-09-25 11:25:35
                                                                               The Black Maria  52.15     In stock 2026-09-25 11:26:44
                                                                               The Black Maria  52.15     In stock 2026-09-25 12:00:06
                                                                               The Black Maria  52.15     In stock 2026-09-25 13:00:05
                                                                               The Black Maria  52.15     In stock 2026-09-25 17:36:09
                                                                               The Black Maria  52.15     In stock 2026-09-25 18:31:32
                                                                               The Black Maria  52.15     In stock 2026-09-25 19:00:05
                                                                               The Black Maria  52.15     In stock 2026-09-25 19:00:05
                                                                               The Black Maria  52.15     In stock 2026-09-25 19:15:06
                                                                               The Black Maria  52.15     In stock 2026-09-25 19:30:05
                                                                               The Black Maria  52.15     In stock 2026-09-25 19:33:58
                                                                               The Black Maria  52.15     In stock 2026-09-25 19:45:07
The Boys in the Boat: Nine Americans and Their Epic Quest for Gold at the 1936 Berlin Olympics  22.60     In stock 2026-09-24 20:14:49
The Boys in the Boat: Nine Americans and Their Epic Quest for Gold at the 1936 Berlin Olympics  22.60     In stock 2026-09-24 20:19:23
The Boys in the Boat: Nine Americans and Their Epic Quest for Gold at the 1936 Berlin Olympics  22.60     In stock 2026-09-25 09:18:33
The Boys in the Boat: Nine Americans and Their Epic Quest for Gold at the 1936 Berlin Olympics  22.60     In stock 2026-09-25 09:28:30
The Boys in the Boat: Nine Americans and Their Epic Quest for Gold at the 1936 Berlin Olympics  22.60     In stock 2026-09-25 10:16:22
The Boys in the Boat: Nine Americans and Their Epic Quest for Gold at the 1936 Berlin Olympics  22.60     In stock 2026-09-25 10:30:32
The Boys in the Boat: Nine Americans and Their Epic Quest for Gold at the 1936 Berlin Olympics  22.60     In stock 2026-09-25 10:37:55
The Boys in the Boat: Nine Americans and Their Epic Quest for Gold at the 1936 Berlin Olympics  22.60     In stock 2026-09-25 10:38:27
The Boys in the Boat: Nine Americans and Their Epic Quest for Gold at the 1936 Berlin Olympics  22.60     In stock 2026-09-25 11:04:52
The Boys in the Boat: Nine Americans and Their Epic Quest for Gold at the 1936 Berlin Olympics  22.60     In stock 2026-09-25 11:25:35
The Boys in the Boat: Nine Americans and Their Epic Quest for Gold at the 1936 Berlin Olympics  22.60     In stock 2026-09-25 11:26:44
The Boys in the Boat: Nine Americans and Their Epic Quest for Gold at the 1936 Berlin Olympics  22.60     In stock 2026-09-25 12:00:06
The Boys in the Boat: Nine Americans and Their Epic Quest for Gold at the 1936 Berlin Olympics  22.60     In stock 2026-09-25 13:00:05
The Boys in the Boat: Nine Americans and Their Epic Quest for Gold at the 1936 Berlin Olympics  22.60     In stock 2026-09-25 17:36:09
The Boys in the Boat: Nine Americans and Their Epic Quest for Gold at the 1936 Berlin Olympics  22.60     In stock 2026-09-25 18:31:32
The Boys in the Boat: Nine Americans and Their Epic Quest for Gold at the 1936 Berlin Olympics  22.60     In stock 2026-09-25 19:00:05
The Boys in the Boat: Nine Americans and Their Epic Quest for Gold at the 1936 Berlin Olympics  22.60     In stock 2026-09-25 19:00:05
The Boys in the Boat: Nine Americans and Their Epic Quest for Gold at the 1936 Berlin Olympics  22.60     In stock 2026-09-25 19:15:06
The Boys in the Boat: Nine Americans and Their Epic Quest for Gold at the 1936 Berlin Olympics  22.60     In stock 2026-09-25 19:30:05
The Boys in the Boat: Nine Americans and Their Epic Quest for Gold at the 1936 Berlin Olympics  22.60     In stock 2026-09-25 19:33:58
The Boys in the Boat: Nine Americans and Their Epic Quest for Gold at the 1936 Berlin Olympics  22.60     In stock 2026-09-25 19:45:07
       The Coming Woman: A Novel Based on the Life of the Infamous Feminist, Victoria Woodhull  17.93     In stock 2026-09-24 20:14:49
       The Coming Woman: A Novel Based on the Life of the Infamous Feminist, Victoria Woodhull  17.93     In stock 2026-09-24 20:19:23
       The Coming Woman: A Novel Based on the Life of the Infamous Feminist, Victoria Woodhull  17.93     In stock 2026-09-25 09:18:33
       The Coming Woman: A Novel Based on the Life of the Infamous Feminist, Victoria Woodhull  17.93     In stock 2026-09-25 09:28:30
       The Coming Woman: A Novel Based on the Life of the Infamous Feminist, Victoria Woodhull  17.93     In stock 2026-09-25 10:16:22
       The Coming Woman: A Novel Based on the Life of the Infamous Feminist, Victoria Woodhull  17.93     In stock 2026-09-25 10:30:32
       The Coming Woman: A Novel Based on the Life of the Infamous Feminist, Victoria Woodhull  17.93     In stock 2026-09-25 10:37:55
       The Coming Woman: A Novel Based on the Life of the Infamous Feminist, Victoria Woodhull  17.93     In stock 2026-09-25 10:38:27
       The Coming Woman: A Novel Based on the Life of the Infamous Feminist, Victoria Woodhull  17.93     In stock 2026-09-25 11:04:52
       The Coming Woman: A Novel Based on the Life of the Infamous Feminist, Victoria Woodhull  17.93     In stock 2026-09-25 11:25:35
       The Coming Woman: A Novel Based on the Life of the Infamous Feminist, Victoria Woodhull  17.93     In stock 2026-09-25 11:26:44
       The Coming Woman: A Novel Based on the Life of the Infamous Feminist, Victoria Woodhull  17.93     In stock 2026-09-25 12:00:06
       The Coming Woman: A Novel Based on the Life of the Infamous Feminist, Victoria Woodhull  17.93     In stock 2026-09-25 13:00:05
       The Coming Woman: A Novel Based on the Life of the Infamous Feminist, Victoria Woodhull  17.93     In stock 2026-09-25 17:36:09
       The Coming Woman: A Novel Based on the Life of the Infamous Feminist, Victoria Woodhull  17.93     In stock 2026-09-25 18:31:32
       The Coming Woman: A Novel Based on the Life of the Infamous Feminist, Victoria Woodhull  17.93     In stock 2026-09-25 19:00:05
       The Coming Woman: A Novel Based on the Life of the Infamous Feminist, Victoria Woodhull  17.93     In stock 2026-09-25 19:00:05
       The Coming Woman: A Novel Based on the Life of the Infamous Feminist, Victoria Woodhull  17.93     In stock 2026-09-25 19:15:06
       The Coming Woman: A Novel Based on the Life of the Infamous Feminist, Victoria Woodhull  17.93     In stock 2026-09-25 19:30:05
       The Coming Woman: A Novel Based on the Life of the Infamous Feminist, Victoria Woodhull  17.93     In stock 2026-09-25 19:33:58
       The Coming Woman: A Novel Based on the Life of the Infamous Feminist, Victoria Woodhull  17.93     In stock 2026-09-25 19:45:07
                                            The Dirty Little Secrets of Getting Your Dream Job  33.34     In stock 2026-09-24 20:14:49
                                            The Dirty Little Secrets of Getting Your Dream Job  33.34     In stock 2026-09-24 20:19:23
                                            The Dirty Little Secrets of Getting Your Dream Job  33.34     In stock 2026-09-25 09:18:33
                                            The Dirty Little Secrets of Getting Your Dream Job  33.34     In stock 2026-09-25 09:28:30
                                            The Dirty Little Secrets of Getting Your Dream Job  33.34     In stock 2026-09-25 10:16:22
                                            The Dirty Little Secrets of Getting Your Dream Job  33.34     In stock 2026-09-25 10:30:32
                                            The Dirty Little Secrets of Getting Your Dream Job  33.34     In stock 2026-09-25 10:37:55
                                            The Dirty Little Secrets of Getting Your Dream Job  33.34     In stock 2026-09-25 10:38:27
                                            The Dirty Little Secrets of Getting Your Dream Job  33.34     In stock 2026-09-25 11:04:52
                                            The Dirty Little Secrets of Getting Your Dream Job  33.34     In stock 2026-09-25 11:25:35
                                            The Dirty Little Secrets of Getting Your Dream Job  33.34     In stock 2026-09-25 11:26:44
                                            The Dirty Little Secrets of Getting Your Dream Job  33.34     In stock 2026-09-25 12:00:06
                                            The Dirty Little Secrets of Getting Your Dream Job  33.34     In stock 2026-09-25 13:00:05
                                            The Dirty Little Secrets of Getting Your Dream Job  33.34     In stock 2026-09-25 17:36:09
                                            The Dirty Little Secrets of Getting Your Dream Job  33.34     In stock 2026-09-25 18:31:32
                                            The Dirty Little Secrets of Getting Your Dream Job  33.34     In stock 2026-09-25 19:00:05
                                            The Dirty Little Secrets of Getting Your Dream Job  33.34     In stock 2026-09-25 19:00:05
                                            The Dirty Little Secrets of Getting Your Dream Job  33.34     In stock 2026-09-25 19:15:06
                                            The Dirty Little Secrets of Getting Your Dream Job  33.34     In stock 2026-09-25 19:30:05
                                            The Dirty Little Secrets of Getting Your Dream Job  33.34     In stock 2026-09-25 19:33:58
                                            The Dirty Little Secrets of Getting Your Dream Job  33.34     In stock 2026-09-25 19:45:07
                                                                               The Requiem Red  22.65     In stock 2026-09-24 20:14:49
                                                                               The Requiem Red  22.65     In stock 2026-09-24 20:19:23
                                                                               The Requiem Red  22.65     In stock 2026-09-25 09:18:33
                                                                               The Requiem Red  22.65     In stock 2026-09-25 09:28:30
                                                                               The Requiem Red  22.65     In stock 2026-09-25 10:16:22
                                                                               The Requiem Red  22.65     In stock 2026-09-25 10:30:32
                                                                               The Requiem Red  22.65     In stock 2026-09-25 10:37:55
                                                                               The Requiem Red  22.65     In stock 2026-09-25 10:38:27
                                                                               The Requiem Red  22.65     In stock 2026-09-25 11:04:52
                                                                               The Requiem Red  22.65     In stock 2026-09-25 11:25:35
                                                                               The Requiem Red  22.65     In stock 2026-09-25 11:26:44
                                                                               The Requiem Red  22.65     In stock 2026-09-25 12:00:06
                                                                               The Requiem Red  22.65     In stock 2026-09-25 13:00:05
                                                                               The Requiem Red  22.65     In stock 2026-09-25 17:36:09
                                                                               The Requiem Red  22.65     In stock 2026-09-25 18:31:32
                                                                               The Requiem Red  22.65     In stock 2026-09-25 19:00:05
                                                                               The Requiem Red  22.65     In stock 2026-09-25 19:00:05
                                                                               The Requiem Red  22.65     In stock 2026-09-25 19:15:06
                                                                               The Requiem Red  22.65     In stock 2026-09-25 19:30:05
                                                                               The Requiem Red  22.65     In stock 2026-09-25 19:33:58
                                                                               The Requiem Red  22.65     In stock 2026-09-25 19:45:07
                                                                            Tipping the Velvet  53.74     In stock 2026-09-24 20:14:49
                                                                            Tipping the Velvet  53.74     In stock 2026-09-24 20:19:23
                                                                            Tipping the Velvet  53.74     In stock 2026-09-25 09:18:33
                                                                            Tipping the Velvet  53.74     In stock 2026-09-25 09:28:30
                                                                            Tipping the Velvet  53.74     In stock 2026-09-25 10:16:22
                                                                            Tipping the Velvet  53.74     In stock 2026-09-25 10:30:32
                                                                            Tipping the Velvet  53.74     In stock 2026-09-25 10:37:55
                                                                            Tipping the Velvet  53.74     In stock 2026-09-25 10:38:27
                                                                            Tipping the Velvet  53.74     In stock 2026-09-25 11:04:52
                                                                            Tipping the Velvet  53.74     In stock 2026-09-25 11:25:35
                                                                            Tipping the Velvet  53.74     In stock 2026-09-25 11:26:44
                                                                            Tipping the Velvet  53.74     In stock 2026-09-25 12:00:06
                                                                            Tipping the Velvet  53.74     In stock 2026-09-25 13:00:05
                                                                            Tipping the Velvet  53.74     In stock 2026-09-25 17:36:09
                                                                            Tipping the Velvet  53.74     In stock 2026-09-25 18:31:32
                                                                            Tipping the Velvet  53.74     In stock 2026-09-25 19:00:05
                                                                            Tipping the Velvet  53.74     In stock 2026-09-25 19:00:05
                                                                            Tipping the Velvet  53.74     In stock 2026-09-25 19:15:06
                                                                            Tipping the Velvet  53.74     In stock 2026-09-25 19:30:05
                                                                            Tipping the Velvet  53.74     In stock 2026-09-25 19:33:58
                                                                            Tipping the Velvet  53.74     In stock 2026-09-25 19:45:07


PRICE DROP CHECK
======================================================================

========== PRICE TRACKER RUN ==========

1. Scraping prices...

2. Checking price drops...

========== RUN COMPLETE ==========

Status: 200
                                                title  ...           scraped_at
0                                A Light in the Attic  ...  2026-09-25 20:00:05
1                                  Tipping the Velvet  ...  2026-09-25 20:00:05
2                                          Soumission  ...  2026-09-25 20:00:05
3                                       Sharp Objects  ...  2026-09-25 20:00:05
4               Sapiens: A Brief History of Humankind  ...  2026-09-25 20:00:05
5                                     The Requiem Red  ...  2026-09-25 20:00:05
6   The Dirty Little Secrets of Getting Your Dream...  ...  2026-09-25 20:00:05
7   The Coming Woman: A Novel Based on the Life of...  ...  2026-09-25 20:00:05
8   The Boys in the Boat: Nine Americans and Their...  ...  2026-09-25 20:00:05
9                                     The Black Maria  ...  2026-09-25 20:00:05
10     Starving Hearts (Triangular Trade Trilogy, #1)  ...  2026-09-25 20:00:05
11                              Shakespeare's Sonnets  ...  2026-09-25 20:00:05
12                                        Set Me Free  ...  2026-09-25 20:00:05
13  Scott Pilgrim's Precious Little Life (Scott Pi...  ...  2026-09-25 20:00:05
14                          Rip it Up and Start Again  ...  2026-09-25 20:00:05
15  Our Band Could Be Your Life: Scenes from the A...  ...  2026-09-25 20:00:05
16                                               Olio  ...  2026-09-25 20:00:05
17  Mesaerion: The Best Science Fiction Stories 18...  ...  2026-09-25 20:00:05
18                       Libertarianism for Beginners  ...  2026-09-25 20:00:05
19                            It's Only the Himalayas  ...  2026-09-25 20:00:05

[20 rows x 4 columns]
Data saved to database!

Data from SQLite:
                                   title   price availability
0                   A Light in the Attic  £51.77     In stock
1                     Tipping the Velvet  £53.74     In stock
2                             Soumission  £50.10     In stock
3                          Sharp Objects  £47.82     In stock
4  Sapiens: A Brief History of Humankind  £54.23     In stock

PRICE HISTORY
======================================================================
                                                                                         title  price availability          scraped_at
                                                                          A Light in the Attic  51.77     In stock 2026-09-24 20:14:49
                                                                          A Light in the Attic  40.00     In stock 2026-09-24 20:19:23
                                                                          A Light in the Attic  51.77     In stock 2026-09-25 09:18:33
                                                                          A Light in the Attic  51.77     In stock 2026-09-25 09:28:30
                                                                          A Light in the Attic  51.77     In stock 2026-09-25 10:16:22
                                                                          A Light in the Attic  51.77     In stock 2026-09-25 10:30:32
                                                                          A Light in the Attic  51.77     In stock 2026-09-25 10:37:55
                                                                          A Light in the Attic  51.77     In stock 2026-09-25 10:38:27
                                                                          A Light in the Attic  51.77     In stock 2026-09-25 11:04:52
                                                                          A Light in the Attic  51.77     In stock 2026-09-25 11:25:35
                                                                          A Light in the Attic  51.77     In stock 2026-09-25 11:26:44
                                                                          A Light in the Attic  51.77     In stock 2026-09-25 12:00:06
                                                                          A Light in the Attic  51.77     In stock 2026-09-25 13:00:05
                                                                          A Light in the Attic  51.77     In stock 2026-09-25 17:36:09
                                                                          A Light in the Attic  51.77     In stock 2026-09-25 18:31:32
                                                                          A Light in the Attic  51.77     In stock 2026-09-25 19:00:05
                                                                          A Light in the Attic  51.77     In stock 2026-09-25 19:00:05
                                                                          A Light in the Attic  51.77     In stock 2026-09-25 19:15:06
                                                                          A Light in the Attic  51.77     In stock 2026-09-25 19:30:05
                                                                          A Light in the Attic  51.77     In stock 2026-09-25 19:33:58
                                                                          A Light in the Attic  51.77     In stock 2026-09-25 19:45:07
                                                                          A Light in the Attic  51.77     In stock 2026-09-25 20:00:05
                                                                       It's Only the Himalayas  45.17     In stock 2026-09-24 20:14:49
                                                                       It's Only the Himalayas  45.17     In stock 2026-09-24 20:19:23
                                                                       It's Only the Himalayas  45.17     In stock 2026-09-25 09:18:33
                                                                       It's Only the Himalayas  45.17     In stock 2026-09-25 09:28:30
                                                                       It's Only the Himalayas  45.17     In stock 2026-09-25 10:16:22
                                                                       It's Only the Himalayas  45.17     In stock 2026-09-25 10:30:32
                                                                       It's Only the Himalayas  45.17     In stock 2026-09-25 10:37:55
                                                                       It's Only the Himalayas  45.17     In stock 2026-09-25 10:38:27
                                                                       It's Only the Himalayas  45.17     In stock 2026-09-25 11:04:52
                                                                       It's Only the Himalayas  45.17     In stock 2026-09-25 11:25:35
                                                                       It's Only the Himalayas  45.17     In stock 2026-09-25 11:26:44
                                                                       It's Only the Himalayas  45.17     In stock 2026-09-25 12:00:06
                                                                       It's Only the Himalayas  45.17     In stock 2026-09-25 13:00:05
                                                                       It's Only the Himalayas  45.17     In stock 2026-09-25 17:36:09
                                                                       It's Only the Himalayas  45.17     In stock 2026-09-25 18:31:32
                                                                       It's Only the Himalayas  45.17     In stock 2026-09-25 19:00:05
                                                                       It's Only the Himalayas  45.17     In stock 2026-09-25 19:00:05
                                                                       It's Only the Himalayas  45.17     In stock 2026-09-25 19:15:06
                                                                       It's Only the Himalayas  45.17     In stock 2026-09-25 19:30:05
                                                                       It's Only the Himalayas  45.17     In stock 2026-09-25 19:33:58
                                                                       It's Only the Himalayas  45.17     In stock 2026-09-25 19:45:07
                                                                       It's Only the Himalayas  45.17     In stock 2026-09-25 20:00:05
                                                                  Libertarianism for Beginners  51.33     In stock 2026-09-24 20:14:49
                                                                  Libertarianism for Beginners  51.33     In stock 2026-09-24 20:19:23
                                                                  Libertarianism for Beginners  51.33     In stock 2026-09-25 09:18:33
                                                                  Libertarianism for Beginners  51.33     In stock 2026-09-25 09:28:30
                                                                  Libertarianism for Beginners  51.33     In stock 2026-09-25 10:16:22
                                                                  Libertarianism for Beginners  51.33     In stock 2026-09-25 10:30:32
                                                                  Libertarianism for Beginners  51.33     In stock 2026-09-25 10:37:55
                                                                  Libertarianism for Beginners  51.33     In stock 2026-09-25 10:38:27
                                                                  Libertarianism for Beginners  51.33     In stock 2026-09-25 11:04:52
                                                                  Libertarianism for Beginners  51.33     In stock 2026-09-25 11:25:35
                                                                  Libertarianism for Beginners  51.33     In stock 2026-09-25 11:26:44
                                                                  Libertarianism for Beginners  51.33     In stock 2026-09-25 12:00:06
                                                                  Libertarianism for Beginners  51.33     In stock 2026-09-25 13:00:05
                                                                  Libertarianism for Beginners  51.33     In stock 2026-09-25 17:36:09
                                                                  Libertarianism for Beginners  51.33     In stock 2026-09-25 18:31:32
                                                                  Libertarianism for Beginners  51.33     In stock 2026-09-25 19:00:05
                                                                  Libertarianism for Beginners  51.33     In stock 2026-09-25 19:00:05
                                                                  Libertarianism for Beginners  51.33     In stock 2026-09-25 19:15:06
                                                                  Libertarianism for Beginners  51.33     In stock 2026-09-25 19:30:05
                                                                  Libertarianism for Beginners  51.33     In stock 2026-09-25 19:33:58
                                                                  Libertarianism for Beginners  51.33     In stock 2026-09-25 19:45:07
                                                                  Libertarianism for Beginners  51.33     In stock 2026-09-25 20:00:05
                                         Mesaerion: The Best Science Fiction Stories 1800-1849  37.59     In stock 2026-09-24 20:14:49
                                         Mesaerion: The Best Science Fiction Stories 1800-1849  37.59     In stock 2026-09-24 20:19:23
                                         Mesaerion: The Best Science Fiction Stories 1800-1849  37.59     In stock 2026-09-25 09:18:33
                                         Mesaerion: The Best Science Fiction Stories 1800-1849  37.59     In stock 2026-09-25 09:28:30
                                         Mesaerion: The Best Science Fiction Stories 1800-1849  37.59     In stock 2026-09-25 10:16:22
                                         Mesaerion: The Best Science Fiction Stories 1800-1849  37.59     In stock 2026-09-25 10:30:32
                                         Mesaerion: The Best Science Fiction Stories 1800-1849  37.59     In stock 2026-09-25 10:37:55
                                         Mesaerion: The Best Science Fiction Stories 1800-1849  37.59     In stock 2026-09-25 10:38:27
                                         Mesaerion: The Best Science Fiction Stories 1800-1849  37.59     In stock 2026-09-25 11:04:52
                                         Mesaerion: The Best Science Fiction Stories 1800-1849  37.59     In stock 2026-09-25 11:25:35
                                         Mesaerion: The Best Science Fiction Stories 1800-1849  37.59     In stock 2026-09-25 11:26:44
                                         Mesaerion: The Best Science Fiction Stories 1800-1849  37.59     In stock 2026-09-25 12:00:06
                                         Mesaerion: The Best Science Fiction Stories 1800-1849  37.59     In stock 2026-09-25 13:00:05
                                         Mesaerion: The Best Science Fiction Stories 1800-1849  37.59     In stock 2026-09-25 17:36:09
                                         Mesaerion: The Best Science Fiction Stories 1800-1849  37.59     In stock 2026-09-25 18:31:32
                                         Mesaerion: The Best Science Fiction Stories 1800-1849  37.59     In stock 2026-09-25 19:00:05
                                         Mesaerion: The Best Science Fiction Stories 1800-1849  37.59     In stock 2026-09-25 19:00:05
                                         Mesaerion: The Best Science Fiction Stories 1800-1849  37.59     In stock 2026-09-25 19:15:06
                                         Mesaerion: The Best Science Fiction Stories 1800-1849  37.59     In stock 2026-09-25 19:30:05
                                         Mesaerion: The Best Science Fiction Stories 1800-1849  37.59     In stock 2026-09-25 19:33:58
                                         Mesaerion: The Best Science Fiction Stories 1800-1849  37.59     In stock 2026-09-25 19:45:07
                                         Mesaerion: The Best Science Fiction Stories 1800-1849  37.59     In stock 2026-09-25 20:00:05
                                                                                          Olio  23.88     In stock 2026-09-24 20:14:49
                                                                                          Olio  23.88     In stock 2026-09-24 20:19:23
                                                                                          Olio  23.88     In stock 2026-09-25 09:18:33
                                                                                          Olio  23.88     In stock 2026-09-25 09:28:30
                                                                                          Olio  23.88     In stock 2026-09-25 10:16:22
                                                                                          Olio  23.88     In stock 2026-09-25 10:30:32
                                                                                          Olio  23.88     In stock 2026-09-25 10:37:55
                                                                                          Olio  23.88     In stock 2026-09-25 10:38:27
                                                                                          Olio  23.88     In stock 2026-09-25 11:04:52
                                                                                          Olio  23.88     In stock 2026-09-25 11:25:35
                                                                                          Olio  23.88     In stock 2026-09-25 11:26:44
                                                                                          Olio  23.88     In stock 2026-09-25 12:00:06
                                                                                          Olio  23.88     In stock 2026-09-25 13:00:05
                                                                                          Olio  23.88     In stock 2026-09-25 17:36:09
                                                                                          Olio  23.88     In stock 2026-09-25 18:31:32
                                                                                          Olio  23.88     In stock 2026-09-25 19:00:05
                                                                                          Olio  23.88     In stock 2026-09-25 19:00:05
                                                                                          Olio  23.88     In stock 2026-09-25 19:15:06
                                                                                          Olio  23.88     In stock 2026-09-25 19:30:05
                                                                                          Olio  23.88     In stock 2026-09-25 19:33:58
                                                                                          Olio  23.88     In stock 2026-09-25 19:45:07
                                                                                          Olio  23.88     In stock 2026-09-25 20:00:05
            Our Band Could Be Your Life: Scenes from the American Indie Underground, 1981-1991  57.25     In stock 2026-09-24 20:14:49
            Our Band Could Be Your Life: Scenes from the American Indie Underground, 1981-1991  57.25     In stock 2026-09-24 20:19:23
            Our Band Could Be Your Life: Scenes from the American Indie Underground, 1981-1991  57.25     In stock 2026-09-25 09:18:33
            Our Band Could Be Your Life: Scenes from the American Indie Underground, 1981-1991  57.25     In stock 2026-09-25 09:28:30
            Our Band Could Be Your Life: Scenes from the American Indie Underground, 1981-1991  57.25     In stock 2026-09-25 10:16:22
            Our Band Could Be Your Life: Scenes from the American Indie Underground, 1981-1991  57.25     In stock 2026-09-25 10:30:32
            Our Band Could Be Your Life: Scenes from the American Indie Underground, 1981-1991  57.25     In stock 2026-09-25 10:37:55
            Our Band Could Be Your Life: Scenes from the American Indie Underground, 1981-1991  57.25     In stock 2026-09-25 10:38:27
            Our Band Could Be Your Life: Scenes from the American Indie Underground, 1981-1991  57.25     In stock 2026-09-25 11:04:52
            Our Band Could Be Your Life: Scenes from the American Indie Underground, 1981-1991  57.25     In stock 2026-09-25 11:25:35
            Our Band Could Be Your Life: Scenes from the American Indie Underground, 1981-1991  57.25     In stock 2026-09-25 11:26:44
            Our Band Could Be Your Life: Scenes from the American Indie Underground, 1981-1991  57.25     In stock 2026-09-25 12:00:06
            Our Band Could Be Your Life: Scenes from the American Indie Underground, 1981-1991  57.25     In stock 2026-09-25 13:00:05
            Our Band Could Be Your Life: Scenes from the American Indie Underground, 1981-1991  57.25     In stock 2026-09-25 17:36:09
            Our Band Could Be Your Life: Scenes from the American Indie Underground, 1981-1991  57.25     In stock 2026-09-25 18:31:32
            Our Band Could Be Your Life: Scenes from the American Indie Underground, 1981-1991  57.25     In stock 2026-09-25 19:00:05
            Our Band Could Be Your Life: Scenes from the American Indie Underground, 1981-1991  57.25     In stock 2026-09-25 19:00:05
            Our Band Could Be Your Life: Scenes from the American Indie Underground, 1981-1991  57.25     In stock 2026-09-25 19:15:06
            Our Band Could Be Your Life: Scenes from the American Indie Underground, 1981-1991  57.25     In stock 2026-09-25 19:30:05
            Our Band Could Be Your Life: Scenes from the American Indie Underground, 1981-1991  57.25     In stock 2026-09-25 19:33:58
            Our Band Could Be Your Life: Scenes from the American Indie Underground, 1981-1991  57.25     In stock 2026-09-25 19:45:07
            Our Band Could Be Your Life: Scenes from the American Indie Underground, 1981-1991  57.25     In stock 2026-09-25 20:00:05
                                                                     Rip it Up and Start Again  35.02     In stock 2026-09-24 20:14:49
                                                                     Rip it Up and Start Again  35.02     In stock 2026-09-24 20:19:23
                                                                     Rip it Up and Start Again  35.02     In stock 2026-09-25 09:18:33
                                                                     Rip it Up and Start Again  35.02     In stock 2026-09-25 09:28:30
                                                                     Rip it Up and Start Again  35.02     In stock 2026-09-25 10:16:22
                                                                     Rip it Up and Start Again  35.02     In stock 2026-09-25 10:30:32
                                                                     Rip it Up and Start Again  35.02     In stock 2026-09-25 10:37:55
                                                                     Rip it Up and Start Again  35.02     In stock 2026-09-25 10:38:27
                                                                     Rip it Up and Start Again  35.02     In stock 2026-09-25 11:04:52
                                                                     Rip it Up and Start Again  35.02     In stock 2026-09-25 11:25:35
                                                                     Rip it Up and Start Again  35.02     In stock 2026-09-25 11:26:44
                                                                     Rip it Up and Start Again  35.02     In stock 2026-09-25 12:00:06
                                                                     Rip it Up and Start Again  35.02     In stock 2026-09-25 13:00:05
                                                                     Rip it Up and Start Again  35.02     In stock 2026-09-25 17:36:09
                                                                     Rip it Up and Start Again  35.02     In stock 2026-09-25 18:31:32
                                                                     Rip it Up and Start Again  35.02     In stock 2026-09-25 19:00:05
                                                                     Rip it Up and Start Again  35.02     In stock 2026-09-25 19:00:05
                                                                     Rip it Up and Start Again  35.02     In stock 2026-09-25 19:15:06
                                                                     Rip it Up and Start Again  35.02     In stock 2026-09-25 19:30:05
                                                                     Rip it Up and Start Again  35.02     In stock 2026-09-25 19:33:58
                                                                     Rip it Up and Start Again  35.02     In stock 2026-09-25 19:45:07
                                                                     Rip it Up and Start Again  35.02     In stock 2026-09-25 20:00:05
                                                         Sapiens: A Brief History of Humankind  54.23     In stock 2026-09-24 20:14:49
                                                         Sapiens: A Brief History of Humankind  54.23     In stock 2026-09-24 20:19:23
                                                         Sapiens: A Brief History of Humankind  54.23     In stock 2026-09-25 09:18:33
                                                         Sapiens: A Brief History of Humankind  54.23     In stock 2026-09-25 09:28:30
                                                         Sapiens: A Brief History of Humankind  54.23     In stock 2026-09-25 10:16:22
                                                         Sapiens: A Brief History of Humankind  54.23     In stock 2026-09-25 10:30:32
                                                         Sapiens: A Brief History of Humankind  54.23     In stock 2026-09-25 10:37:55
                                                         Sapiens: A Brief History of Humankind  54.23     In stock 2026-09-25 10:38:27
                                                         Sapiens: A Brief History of Humankind  54.23     In stock 2026-09-25 11:04:52
                                                         Sapiens: A Brief History of Humankind  54.23     In stock 2026-09-25 11:25:35
                                                         Sapiens: A Brief History of Humankind  54.23     In stock 2026-09-25 11:26:44
                                                         Sapiens: A Brief History of Humankind  54.23     In stock 2026-09-25 12:00:06
                                                         Sapiens: A Brief History of Humankind  54.23     In stock 2026-09-25 13:00:05
                                                         Sapiens: A Brief History of Humankind  54.23     In stock 2026-09-25 17:36:09
                                                         Sapiens: A Brief History of Humankind  54.23     In stock 2026-09-25 18:31:32
                                                         Sapiens: A Brief History of Humankind  54.23     In stock 2026-09-25 19:00:05
                                                         Sapiens: A Brief History of Humankind  54.23     In stock 2026-09-25 19:00:05
                                                         Sapiens: A Brief History of Humankind  54.23     In stock 2026-09-25 19:15:06
                                                         Sapiens: A Brief History of Humankind  54.23     In stock 2026-09-25 19:30:05
                                                         Sapiens: A Brief History of Humankind  54.23     In stock 2026-09-25 19:33:58
                                                         Sapiens: A Brief History of Humankind  54.23     In stock 2026-09-25 19:45:07
                                                         Sapiens: A Brief History of Humankind  54.23     In stock 2026-09-25 20:00:05
                                       Scott Pilgrim's Precious Little Life (Scott Pilgrim #1)  52.29     In stock 2026-09-24 20:14:49
                                       Scott Pilgrim's Precious Little Life (Scott Pilgrim #1)  52.29     In stock 2026-09-24 20:19:23
                                       Scott Pilgrim's Precious Little Life (Scott Pilgrim #1)  52.29     In stock 2026-09-25 09:18:33
                                       Scott Pilgrim's Precious Little Life (Scott Pilgrim #1)  52.29     In stock 2026-09-25 09:28:30
                                       Scott Pilgrim's Precious Little Life (Scott Pilgrim #1)  52.29     In stock 2026-09-25 10:16:22
                                       Scott Pilgrim's Precious Little Life (Scott Pilgrim #1)  52.29     In stock 2026-09-25 10:30:32
                                       Scott Pilgrim's Precious Little Life (Scott Pilgrim #1)  52.29     In stock 2026-09-25 10:37:55
                                       Scott Pilgrim's Precious Little Life (Scott Pilgrim #1)  52.29     In stock 2026-09-25 10:38:27
                                       Scott Pilgrim's Precious Little Life (Scott Pilgrim #1)  52.29     In stock 2026-09-25 11:04:52
                                       Scott Pilgrim's Precious Little Life (Scott Pilgrim #1)  52.29     In stock 2026-09-25 11:25:35
                                       Scott Pilgrim's Precious Little Life (Scott Pilgrim #1)  52.29     In stock 2026-09-25 11:26:44
                                       Scott Pilgrim's Precious Little Life (Scott Pilgrim #1)  52.29     In stock 2026-09-25 12:00:06
                                       Scott Pilgrim's Precious Little Life (Scott Pilgrim #1)  52.29     In stock 2026-09-25 13:00:05
                                       Scott Pilgrim's Precious Little Life (Scott Pilgrim #1)  52.29     In stock 2026-09-25 17:36:09
                                       Scott Pilgrim's Precious Little Life (Scott Pilgrim #1)  52.29     In stock 2026-09-25 18:31:32
                                       Scott Pilgrim's Precious Little Life (Scott Pilgrim #1)  52.29     In stock 2026-09-25 19:00:05
                                       Scott Pilgrim's Precious Little Life (Scott Pilgrim #1)  52.29     In stock 2026-09-25 19:00:05
                                       Scott Pilgrim's Precious Little Life (Scott Pilgrim #1)  52.29     In stock 2026-09-25 19:15:06
                                       Scott Pilgrim's Precious Little Life (Scott Pilgrim #1)  52.29     In stock 2026-09-25 19:30:05
                                       Scott Pilgrim's Precious Little Life (Scott Pilgrim #1)  52.29     In stock 2026-09-25 19:33:58
                                       Scott Pilgrim's Precious Little Life (Scott Pilgrim #1)  52.29     In stock 2026-09-25 19:45:07
                                       Scott Pilgrim's Precious Little Life (Scott Pilgrim #1)  52.29     In stock 2026-09-25 20:00:05
                                                                                   Set Me Free  17.46     In stock 2026-09-24 20:14:49
                                                                                   Set Me Free  17.46     In stock 2026-09-24 20:19:23
                                                                                   Set Me Free  17.46     In stock 2026-09-25 09:18:33
                                                                                   Set Me Free  17.46     In stock 2026-09-25 09:28:30
                                                                                   Set Me Free  17.46     In stock 2026-09-25 10:16:22
                                                                                   Set Me Free  17.46     In stock 2026-09-25 10:30:32
                                                                                   Set Me Free  17.46     In stock 2026-09-25 10:37:55
                                                                                   Set Me Free  17.46     In stock 2026-09-25 10:38:27
                                                                                   Set Me Free  17.46     In stock 2026-09-25 11:04:52
                                                                                   Set Me Free  17.46     In stock 2026-09-25 11:25:35
                                                                                   Set Me Free  17.46     In stock 2026-09-25 11:26:44
                                                                                   Set Me Free  17.46     In stock 2026-09-25 12:00:06
                                                                                   Set Me Free  17.46     In stock 2026-09-25 13:00:05
                                                                                   Set Me Free  17.46     In stock 2026-09-25 17:36:09
                                                                                   Set Me Free  17.46     In stock 2026-09-25 18:31:32
                                                                                   Set Me Free  17.46     In stock 2026-09-25 19:00:05
                                                                                   Set Me Free  17.46     In stock 2026-09-25 19:00:05
                                                                                   Set Me Free  17.46     In stock 2026-09-25 19:15:06
                                                                                   Set Me Free  17.46     In stock 2026-09-25 19:30:05
                                                                                   Set Me Free  17.46     In stock 2026-09-25 19:33:58
                                                                                   Set Me Free  17.46     In stock 2026-09-25 19:45:07
                                                                                   Set Me Free  17.46     In stock 2026-09-25 20:00:05
                                                                         Shakespeare's Sonnets  20.66     In stock 2026-09-24 20:14:49
                                                                         Shakespeare's Sonnets  20.66     In stock 2026-09-24 20:19:23
                                                                         Shakespeare's Sonnets  20.66     In stock 2026-09-25 09:18:33
                                                                         Shakespeare's Sonnets  20.66     In stock 2026-09-25 09:28:30
                                                                         Shakespeare's Sonnets  20.66     In stock 2026-09-25 10:16:22
                                                                         Shakespeare's Sonnets  20.66     In stock 2026-09-25 10:30:32
                                                                         Shakespeare's Sonnets  20.66     In stock 2026-09-25 10:37:55
                                                                         Shakespeare's Sonnets  20.66     In stock 2026-09-25 10:38:27
                                                                         Shakespeare's Sonnets  20.66     In stock 2026-09-25 11:04:52
                                                                         Shakespeare's Sonnets  20.66     In stock 2026-09-25 11:25:35
                                                                         Shakespeare's Sonnets  20.66     In stock 2026-09-25 11:26:44
                                                                         Shakespeare's Sonnets  20.66     In stock 2026-09-25 12:00:06
                                                                         Shakespeare's Sonnets  20.66     In stock 2026-09-25 13:00:05
                                                                         Shakespeare's Sonnets  20.66     In stock 2026-09-25 17:36:09
                                                                         Shakespeare's Sonnets  20.66     In stock 2026-09-25 18:31:32
                                                                         Shakespeare's Sonnets  20.66     In stock 2026-09-25 19:00:05
                                                                         Shakespeare's Sonnets  20.66     In stock 2026-09-25 19:00:05
                                                                         Shakespeare's Sonnets  20.66     In stock 2026-09-25 19:15:06
                                                                         Shakespeare's Sonnets  20.66     In stock 2026-09-25 19:30:05
                                                                         Shakespeare's Sonnets  20.66     In stock 2026-09-25 19:33:58
                                                                         Shakespeare's Sonnets  20.66     In stock 2026-09-25 19:45:07
                                                                         Shakespeare's Sonnets  20.66     In stock 2026-09-25 20:00:05
                                                                                 Sharp Objects  47.82     In stock 2026-09-24 20:14:49
                                                                                 Sharp Objects  47.82     In stock 2026-09-24 20:19:23
                                                                                 Sharp Objects  47.82     In stock 2026-09-25 09:18:33
                                                                                 Sharp Objects  47.82     In stock 2026-09-25 09:28:30
                                                                                 Sharp Objects  47.82     In stock 2026-09-25 10:16:22
                                                                                 Sharp Objects  47.82     In stock 2026-09-25 10:30:32
                                                                                 Sharp Objects  47.82     In stock 2026-09-25 10:37:55
                                                                                 Sharp Objects  47.82     In stock 2026-09-25 10:38:27
                                                                                 Sharp Objects  47.82     In stock 2026-09-25 11:04:52
                                                                                 Sharp Objects  47.82     In stock 2026-09-25 11:25:35
                                                                                 Sharp Objects  47.82     In stock 2026-09-25 11:26:44
                                                                                 Sharp Objects  47.82     In stock 2026-09-25 12:00:06
                                                                                 Sharp Objects  47.82     In stock 2026-09-25 13:00:05
                                                                                 Sharp Objects  47.82     In stock 2026-09-25 17:36:09
                                                                                 Sharp Objects  47.82     In stock 2026-09-25 18:31:32
                                                                                 Sharp Objects  47.82     In stock 2026-09-25 19:00:05
                                                                                 Sharp Objects  47.82     In stock 2026-09-25 19:00:05
                                                                                 Sharp Objects  47.82     In stock 2026-09-25 19:15:06
                                                                                 Sharp Objects  47.82     In stock 2026-09-25 19:30:05
                                                                                 Sharp Objects  47.82     In stock 2026-09-25 19:33:58
                                                                                 Sharp Objects  47.82     In stock 2026-09-25 19:45:07
                                                                                 Sharp Objects  47.82     In stock 2026-09-25 20:00:05
                                                                                    Soumission  50.10     In stock 2026-09-24 20:14:49
                                                                                    Soumission  50.10     In stock 2026-09-24 20:19:23
                                                                                    Soumission  50.10     In stock 2026-09-25 09:18:33
                                                                                    Soumission  50.10     In stock 2026-09-25 09:28:30
                                                                                    Soumission  50.10     In stock 2026-09-25 10:16:22
                                                                                    Soumission  50.10     In stock 2026-09-25 10:30:32
                                                                                    Soumission  50.10     In stock 2026-09-25 10:37:55
                                                                                    Soumission  50.10     In stock 2026-09-25 10:38:27
                                                                                    Soumission  50.10     In stock 2026-09-25 11:04:52
                                                                                    Soumission  50.10     In stock 2026-09-25 11:25:35
                                                                                    Soumission  50.10     In stock 2026-09-25 11:26:44
                                                                                    Soumission  50.10     In stock 2026-09-25 12:00:06
                                                                                    Soumission  50.10     In stock 2026-09-25 13:00:05
                                                                                    Soumission  50.10     In stock 2026-09-25 17:36:09
                                                                                    Soumission  50.10     In stock 2026-09-25 18:31:32
                                                                                    Soumission  50.10     In stock 2026-09-25 19:00:05
                                                                                    Soumission  50.10     In stock 2026-09-25 19:00:05
                                                                                    Soumission  50.10     In stock 2026-09-25 19:15:06
                                                                                    Soumission  50.10     In stock 2026-09-25 19:30:05
                                                                                    Soumission  50.10     In stock 2026-09-25 19:33:58
                                                                                    Soumission  50.10     In stock 2026-09-25 19:45:07
                                                                                    Soumission  50.10     In stock 2026-09-25 20:00:05
                                                Starving Hearts (Triangular Trade Trilogy, #1)  13.99     In stock 2026-09-24 20:14:49
                                                Starving Hearts (Triangular Trade Trilogy, #1)  13.99     In stock 2026-09-24 20:19:23
                                                Starving Hearts (Triangular Trade Trilogy, #1)  13.99     In stock 2026-09-25 09:18:33
                                                Starving Hearts (Triangular Trade Trilogy, #1)  13.99     In stock 2026-09-25 09:28:30
                                                Starving Hearts (Triangular Trade Trilogy, #1)  13.99     In stock 2026-09-25 10:16:22
                                                Starving Hearts (Triangular Trade Trilogy, #1)  13.99     In stock 2026-09-25 10:30:32
                                                Starving Hearts (Triangular Trade Trilogy, #1)  13.99     In stock 2026-09-25 10:37:55
                                                Starving Hearts (Triangular Trade Trilogy, #1)  13.99     In stock 2026-09-25 10:38:27
                                                Starving Hearts (Triangular Trade Trilogy, #1)  13.99     In stock 2026-09-25 11:04:52
                                                Starving Hearts (Triangular Trade Trilogy, #1)  13.99     In stock 2026-09-25 11:25:35
                                                Starving Hearts (Triangular Trade Trilogy, #1)  13.99     In stock 2026-09-25 11:26:44
                                                Starving Hearts (Triangular Trade Trilogy, #1)  13.99     In stock 2026-09-25 12:00:06
                                                Starving Hearts (Triangular Trade Trilogy, #1)  13.99     In stock 2026-09-25 13:00:05
                                                Starving Hearts (Triangular Trade Trilogy, #1)  13.99     In stock 2026-09-25 17:36:09
                                                Starving Hearts (Triangular Trade Trilogy, #1)  13.99     In stock 2026-09-25 18:31:32
                                                Starving Hearts (Triangular Trade Trilogy, #1)  13.99     In stock 2026-09-25 19:00:05
                                                Starving Hearts (Triangular Trade Trilogy, #1)  13.99     In stock 2026-09-25 19:00:05
                                                Starving Hearts (Triangular Trade Trilogy, #1)  13.99     In stock 2026-09-25 19:15:06
                                                Starving Hearts (Triangular Trade Trilogy, #1)  13.99     In stock 2026-09-25 19:30:05
                                                Starving Hearts (Triangular Trade Trilogy, #1)  13.99     In stock 2026-09-25 19:33:58
                                                Starving Hearts (Triangular Trade Trilogy, #1)  13.99     In stock 2026-09-25 19:45:07
                                                Starving Hearts (Triangular Trade Trilogy, #1)  13.99     In stock 2026-09-25 20:00:05
                                                                               The Black Maria  52.15     In stock 2026-09-24 20:14:49
                                                                               The Black Maria  45.00     In stock 2026-09-24 20:19:23
                                                                               The Black Maria  52.15     In stock 2026-09-25 09:18:33
                                                                               The Black Maria  52.15     In stock 2026-09-25 09:28:30
                                                                               The Black Maria  52.15     In stock 2026-09-25 10:16:22
                                                                               The Black Maria  52.15     In stock 2026-09-25 10:30:32
                                                                               The Black Maria  52.15     In stock 2026-09-25 10:37:55
                                                                               The Black Maria  52.15     In stock 2026-09-25 10:38:27
                                                                               The Black Maria  52.15     In stock 2026-09-25 11:04:52
                                                                               The Black Maria  52.15     In stock 2026-09-25 11:25:35
                                                                               The Black Maria  52.15     In stock 2026-09-25 11:26:44
                                                                               The Black Maria  52.15     In stock 2026-09-25 12:00:06
                                                                               The Black Maria  52.15     In stock 2026-09-25 13:00:05
                                                                               The Black Maria  52.15     In stock 2026-09-25 17:36:09
                                                                               The Black Maria  52.15     In stock 2026-09-25 18:31:32
                                                                               The Black Maria  52.15     In stock 2026-09-25 19:00:05
                                                                               The Black Maria  52.15     In stock 2026-09-25 19:00:05
                                                                               The Black Maria  52.15     In stock 2026-09-25 19:15:06
                                                                               The Black Maria  52.15     In stock 2026-09-25 19:30:05
                                                                               The Black Maria  52.15     In stock 2026-09-25 19:33:58
                                                                               The Black Maria  52.15     In stock 2026-09-25 19:45:07
                                                                               The Black Maria  52.15     In stock 2026-09-25 20:00:05
The Boys in the Boat: Nine Americans and Their Epic Quest for Gold at the 1936 Berlin Olympics  22.60     In stock 2026-09-24 20:14:49
The Boys in the Boat: Nine Americans and Their Epic Quest for Gold at the 1936 Berlin Olympics  22.60     In stock 2026-09-24 20:19:23
The Boys in the Boat: Nine Americans and Their Epic Quest for Gold at the 1936 Berlin Olympics  22.60     In stock 2026-09-25 09:18:33
The Boys in the Boat: Nine Americans and Their Epic Quest for Gold at the 1936 Berlin Olympics  22.60     In stock 2026-09-25 09:28:30
The Boys in the Boat: Nine Americans and Their Epic Quest for Gold at the 1936 Berlin Olympics  22.60     In stock 2026-09-25 10:16:22
The Boys in the Boat: Nine Americans and Their Epic Quest for Gold at the 1936 Berlin Olympics  22.60     In stock 2026-09-25 10:30:32
The Boys in the Boat: Nine Americans and Their Epic Quest for Gold at the 1936 Berlin Olympics  22.60     In stock 2026-09-25 10:37:55
The Boys in the Boat: Nine Americans and Their Epic Quest for Gold at the 1936 Berlin Olympics  22.60     In stock 2026-09-25 10:38:27
The Boys in the Boat: Nine Americans and Their Epic Quest for Gold at the 1936 Berlin Olympics  22.60     In stock 2026-09-25 11:04:52
The Boys in the Boat: Nine Americans and Their Epic Quest for Gold at the 1936 Berlin Olympics  22.60     In stock 2026-09-25 11:25:35
The Boys in the Boat: Nine Americans and Their Epic Quest for Gold at the 1936 Berlin Olympics  22.60     In stock 2026-09-25 11:26:44
The Boys in the Boat: Nine Americans and Their Epic Quest for Gold at the 1936 Berlin Olympics  22.60     In stock 2026-09-25 12:00:06
The Boys in the Boat: Nine Americans and Their Epic Quest for Gold at the 1936 Berlin Olympics  22.60     In stock 2026-09-25 13:00:05
The Boys in the Boat: Nine Americans and Their Epic Quest for Gold at the 1936 Berlin Olympics  22.60     In stock 2026-09-25 17:36:09
The Boys in the Boat: Nine Americans and Their Epic Quest for Gold at the 1936 Berlin Olympics  22.60     In stock 2026-09-25 18:31:32
The Boys in the Boat: Nine Americans and Their Epic Quest for Gold at the 1936 Berlin Olympics  22.60     In stock 2026-09-25 19:00:05
The Boys in the Boat: Nine Americans and Their Epic Quest for Gold at the 1936 Berlin Olympics  22.60     In stock 2026-09-25 19:00:05
The Boys in the Boat: Nine Americans and Their Epic Quest for Gold at the 1936 Berlin Olympics  22.60     In stock 2026-09-25 19:15:06
The Boys in the Boat: Nine Americans and Their Epic Quest for Gold at the 1936 Berlin Olympics  22.60     In stock 2026-09-25 19:30:05
The Boys in the Boat: Nine Americans and Their Epic Quest for Gold at the 1936 Berlin Olympics  22.60     In stock 2026-09-25 19:33:58
The Boys in the Boat: Nine Americans and Their Epic Quest for Gold at the 1936 Berlin Olympics  22.60     In stock 2026-09-25 19:45:07
The Boys in the Boat: Nine Americans and Their Epic Quest for Gold at the 1936 Berlin Olympics  22.60     In stock 2026-09-25 20:00:05
       The Coming Woman: A Novel Based on the Life of the Infamous Feminist, Victoria Woodhull  17.93     In stock 2026-09-24 20:14:49
       The Coming Woman: A Novel Based on the Life of the Infamous Feminist, Victoria Woodhull  17.93     In stock 2026-09-24 20:19:23
       The Coming Woman: A Novel Based on the Life of the Infamous Feminist, Victoria Woodhull  17.93     In stock 2026-09-25 09:18:33
       The Coming Woman: A Novel Based on the Life of the Infamous Feminist, Victoria Woodhull  17.93     In stock 2026-09-25 09:28:30
       The Coming Woman: A Novel Based on the Life of the Infamous Feminist, Victoria Woodhull  17.93     In stock 2026-09-25 10:16:22
       The Coming Woman: A Novel Based on the Life of the Infamous Feminist, Victoria Woodhull  17.93     In stock 2026-09-25 10:30:32
       The Coming Woman: A Novel Based on the Life of the Infamous Feminist, Victoria Woodhull  17.93     In stock 2026-09-25 10:37:55
       The Coming Woman: A Novel Based on the Life of the Infamous Feminist, Victoria Woodhull  17.93     In stock 2026-09-25 10:38:27
       The Coming Woman: A Novel Based on the Life of the Infamous Feminist, Victoria Woodhull  17.93     In stock 2026-09-25 11:04:52
       The Coming Woman: A Novel Based on the Life of the Infamous Feminist, Victoria Woodhull  17.93     In stock 2026-09-25 11:25:35
       The Coming Woman: A Novel Based on the Life of the Infamous Feminist, Victoria Woodhull  17.93     In stock 2026-09-25 11:26:44
       The Coming Woman: A Novel Based on the Life of the Infamous Feminist, Victoria Woodhull  17.93     In stock 2026-09-25 12:00:06
       The Coming Woman: A Novel Based on the Life of the Infamous Feminist, Victoria Woodhull  17.93     In stock 2026-09-25 13:00:05
       The Coming Woman: A Novel Based on the Life of the Infamous Feminist, Victoria Woodhull  17.93     In stock 2026-09-25 17:36:09
       The Coming Woman: A Novel Based on the Life of the Infamous Feminist, Victoria Woodhull  17.93     In stock 2026-09-25 18:31:32
       The Coming Woman: A Novel Based on the Life of the Infamous Feminist, Victoria Woodhull  17.93     In stock 2026-09-25 19:00:05
       The Coming Woman: A Novel Based on the Life of the Infamous Feminist, Victoria Woodhull  17.93     In stock 2026-09-25 19:00:05
       The Coming Woman: A Novel Based on the Life of the Infamous Feminist, Victoria Woodhull  17.93     In stock 2026-09-25 19:15:06
       The Coming Woman: A Novel Based on the Life of the Infamous Feminist, Victoria Woodhull  17.93     In stock 2026-09-25 19:30:05
       The Coming Woman: A Novel Based on the Life of the Infamous Feminist, Victoria Woodhull  17.93     In stock 2026-09-25 19:33:58
       The Coming Woman: A Novel Based on the Life of the Infamous Feminist, Victoria Woodhull  17.93     In stock 2026-09-25 19:45:07
       The Coming Woman: A Novel Based on the Life of the Infamous Feminist, Victoria Woodhull  17.93     In stock 2026-09-25 20:00:05
                                            The Dirty Little Secrets of Getting Your Dream Job  33.34     In stock 2026-09-24 20:14:49
                                            The Dirty Little Secrets of Getting Your Dream Job  33.34     In stock 2026-09-24 20:19:23
                                            The Dirty Little Secrets of Getting Your Dream Job  33.34     In stock 2026-09-25 09:18:33
                                            The Dirty Little Secrets of Getting Your Dream Job  33.34     In stock 2026-09-25 09:28:30
                                            The Dirty Little Secrets of Getting Your Dream Job  33.34     In stock 2026-09-25 10:16:22
                                            The Dirty Little Secrets of Getting Your Dream Job  33.34     In stock 2026-09-25 10:30:32
                                            The Dirty Little Secrets of Getting Your Dream Job  33.34     In stock 2026-09-25 10:37:55
                                            The Dirty Little Secrets of Getting Your Dream Job  33.34     In stock 2026-09-25 10:38:27
                                            The Dirty Little Secrets of Getting Your Dream Job  33.34     In stock 2026-09-25 11:04:52
                                            The Dirty Little Secrets of Getting Your Dream Job  33.34     In stock 2026-09-25 11:25:35
                                            The Dirty Little Secrets of Getting Your Dream Job  33.34     In stock 2026-09-25 11:26:44
                                            The Dirty Little Secrets of Getting Your Dream Job  33.34     In stock 2026-09-25 12:00:06
                                            The Dirty Little Secrets of Getting Your Dream Job  33.34     In stock 2026-09-25 13:00:05
                                            The Dirty Little Secrets of Getting Your Dream Job  33.34     In stock 2026-09-25 17:36:09
                                            The Dirty Little Secrets of Getting Your Dream Job  33.34     In stock 2026-09-25 18:31:32
                                            The Dirty Little Secrets of Getting Your Dream Job  33.34     In stock 2026-09-25 19:00:05
                                            The Dirty Little Secrets of Getting Your Dream Job  33.34     In stock 2026-09-25 19:00:05
                                            The Dirty Little Secrets of Getting Your Dream Job  33.34     In stock 2026-09-25 19:15:06
                                            The Dirty Little Secrets of Getting Your Dream Job  33.34     In stock 2026-09-25 19:30:05
                                            The Dirty Little Secrets of Getting Your Dream Job  33.34     In stock 2026-09-25 19:33:58
                                            The Dirty Little Secrets of Getting Your Dream Job  33.34     In stock 2026-09-25 19:45:07
                                            The Dirty Little Secrets of Getting Your Dream Job  33.34     In stock 2026-09-25 20:00:05
                                                                               The Requiem Red  22.65     In stock 2026-09-24 20:14:49
                                                                               The Requiem Red  22.65     In stock 2026-09-24 20:19:23
                                                                               The Requiem Red  22.65     In stock 2026-09-25 09:18:33
                                                                               The Requiem Red  22.65     In stock 2026-09-25 09:28:30
                                                                               The Requiem Red  22.65     In stock 2026-09-25 10:16:22
                                                                               The Requiem Red  22.65     In stock 2026-09-25 10:30:32
                                                                               The Requiem Red  22.65     In stock 2026-09-25 10:37:55
                                                                               The Requiem Red  22.65     In stock 2026-09-25 10:38:27
                                                                               The Requiem Red  22.65     In stock 2026-09-25 11:04:52
                                                                               The Requiem Red  22.65     In stock 2026-09-25 11:25:35
                                                                               The Requiem Red  22.65     In stock 2026-09-25 11:26:44
                                                                               The Requiem Red  22.65     In stock 2026-09-25 12:00:06
                                                                               The Requiem Red  22.65     In stock 2026-09-25 13:00:05
                                                                               The Requiem Red  22.65     In stock 2026-09-25 17:36:09
                                                                               The Requiem Red  22.65     In stock 2026-09-25 18:31:32
                                                                               The Requiem Red  22.65     In stock 2026-09-25 19:00:05
                                                                               The Requiem Red  22.65     In stock 2026-09-25 19:00:05
                                                                               The Requiem Red  22.65     In stock 2026-09-25 19:15:06
                                                                               The Requiem Red  22.65     In stock 2026-09-25 19:30:05
                                                                               The Requiem Red  22.65     In stock 2026-09-25 19:33:58
                                                                               The Requiem Red  22.65     In stock 2026-09-25 19:45:07
                                                                               The Requiem Red  22.65     In stock 2026-09-25 20:00:05
                                                                            Tipping the Velvet  53.74     In stock 2026-09-24 20:14:49
                                                                            Tipping the Velvet  53.74     In stock 2026-09-24 20:19:23
                                                                            Tipping the Velvet  53.74     In stock 2026-09-25 09:18:33
                                                                            Tipping the Velvet  53.74     In stock 2026-09-25 09:28:30
                                                                            Tipping the Velvet  53.74     In stock 2026-09-25 10:16:22
                                                                            Tipping the Velvet  53.74     In stock 2026-09-25 10:30:32
                                                                            Tipping the Velvet  53.74     In stock 2026-09-25 10:37:55
                                                                            Tipping the Velvet  53.74     In stock 2026-09-25 10:38:27
                                                                            Tipping the Velvet  53.74     In stock 2026-09-25 11:04:52
                                                                            Tipping the Velvet  53.74     In stock 2026-09-25 11:25:35
                                                                            Tipping the Velvet  53.74     In stock 2026-09-25 11:26:44
                                                                            Tipping the Velvet  53.74     In stock 2026-09-25 12:00:06
                                                                            Tipping the Velvet  53.74     In stock 2026-09-25 13:00:05
                                                                            Tipping the Velvet  53.74     In stock 2026-09-25 17:36:09
                                                                            Tipping the Velvet  53.74     In stock 2026-09-25 18:31:32
                                                                            Tipping the Velvet  53.74     In stock 2026-09-25 19:00:05
                                                                            Tipping the Velvet  53.74     In stock 2026-09-25 19:00:05
                                                                            Tipping the Velvet  53.74     In stock 2026-09-25 19:15:06
                                                                            Tipping the Velvet  53.74     In stock 2026-09-25 19:30:05
                                                                            Tipping the Velvet  53.74     In stock 2026-09-25 19:33:58
                                                                            Tipping the Velvet  53.74     In stock 2026-09-25 19:45:07
                                                                            Tipping the Velvet  53.74     In stock 2026-09-25 20:00:05


PRICE DROP CHECK
======================================================================

========== PRICE TRACKER RUN ==========

1. Scraping prices...

2. Checking price drops...

========== RUN COMPLETE ==========

Status: 200
                                                title  ...           scraped_at
0                                A Light in the Attic  ...  2026-09-25 20:15:04
1                                  Tipping the Velvet  ...  2026-09-25 20:15:04
2                                          Soumission  ...  2026-09-25 20:15:04
3                                       Sharp Objects  ...  2026-09-25 20:15:04
4               Sapiens: A Brief History of Humankind  ...  2026-09-25 20:15:04
5                                     The Requiem Red  ...  2026-09-25 20:15:04
6   The Dirty Little Secrets of Getting Your Dream...  ...  2026-09-25 20:15:04
7   The Coming Woman: A Novel Based on the Life of...  ...  2026-09-25 20:15:04
8   The Boys in the Boat: Nine Americans and Their...  ...  2026-09-25 20:15:04
9                                     The Black Maria  ...  2026-09-25 20:15:04
10     Starving Hearts (Triangular Trade Trilogy, #1)  ...  2026-09-25 20:15:04
11                              Shakespeare's Sonnets  ...  2026-09-25 20:15:04
12                                        Set Me Free  ...  2026-09-25 20:15:04
13  Scott Pilgrim's Precious Little Life (Scott Pi...  ...  2026-09-25 20:15:04
14                          Rip it Up and Start Again  ...  2026-09-25 20:15:04
15  Our Band Could Be Your Life: Scenes from the A...  ...  2026-09-25 20:15:04
16                                               Olio  ...  2026-09-25 20:15:04
17  Mesaerion: The Best Science Fiction Stories 18...  ...  2026-09-25 20:15:04
18                       Libertarianism for Beginners  ...  2026-09-25 20:15:04
19                            It's Only the Himalayas  ...  2026-09-25 20:15:04

[20 rows x 4 columns]
Data saved to database!

Data from SQLite:
                                   title   price availability
0                   A Light in the Attic  £51.77     In stock
1                     Tipping the Velvet  £53.74     In stock
2                             Soumission  £50.10     In stock
3                          Sharp Objects  £47.82     In stock
4  Sapiens: A Brief History of Humankind  £54.23     In stock

PRICE HISTORY
======================================================================
                                                                                         title  price availability          scraped_at
                                                                          A Light in the Attic  51.77     In stock 2026-09-24 20:14:49
                                                                          A Light in the Attic  40.00     In stock 2026-09-24 20:19:23
                                                                          A Light in the Attic  51.77     In stock 2026-09-25 09:18:33
                                                                          A Light in the Attic  51.77     In stock 2026-09-25 09:28:30
                                                                          A Light in the Attic  51.77     In stock 2026-09-25 10:16:22
                                                                          A Light in the Attic  51.77     In stock 2026-09-25 10:30:32
                                                                          A Light in the Attic  51.77     In stock 2026-09-25 10:37:55
                                                                          A Light in the Attic  51.77     In stock 2026-09-25 10:38:27
                                                                          A Light in the Attic  51.77     In stock 2026-09-25 11:04:52
                                                                          A Light in the Attic  51.77     In stock 2026-09-25 11:25:35
                                                                          A Light in the Attic  51.77     In stock 2026-09-25 11:26:44
                                                                          A Light in the Attic  51.77     In stock 2026-09-25 12:00:06
                                                                          A Light in the Attic  51.77     In stock 2026-09-25 13:00:05
                                                                          A Light in the Attic  51.77     In stock 2026-09-25 17:36:09
                                                                          A Light in the Attic  51.77     In stock 2026-09-25 18:31:32
                                                                          A Light in the Attic  51.77     In stock 2026-09-25 19:00:05
                                                                          A Light in the Attic  51.77     In stock 2026-09-25 19:00:05
                                                                          A Light in the Attic  51.77     In stock 2026-09-25 19:15:06
                                                                          A Light in the Attic  51.77     In stock 2026-09-25 19:30:05
                                                                          A Light in the Attic  51.77     In stock 2026-09-25 19:33:58
                                                                          A Light in the Attic  51.77     In stock 2026-09-25 19:45:07
                                                                          A Light in the Attic  51.77     In stock 2026-09-25 20:00:05
                                                                          A Light in the Attic  51.77     In stock 2026-09-25 20:15:04
                                                                       It's Only the Himalayas  45.17     In stock 2026-09-24 20:14:49
                                                                       It's Only the Himalayas  45.17     In stock 2026-09-24 20:19:23
                                                                       It's Only the Himalayas  45.17     In stock 2026-09-25 09:18:33
                                                                       It's Only the Himalayas  45.17     In stock 2026-09-25 09:28:30
                                                                       It's Only the Himalayas  45.17     In stock 2026-09-25 10:16:22
                                                                       It's Only the Himalayas  45.17     In stock 2026-09-25 10:30:32
                                                                       It's Only the Himalayas  45.17     In stock 2026-09-25 10:37:55
                                                                       It's Only the Himalayas  45.17     In stock 2026-09-25 10:38:27
                                                                       It's Only the Himalayas  45.17     In stock 2026-09-25 11:04:52
                                                                       It's Only the Himalayas  45.17     In stock 2026-09-25 11:25:35
                                                                       It's Only the Himalayas  45.17     In stock 2026-09-25 11:26:44
                                                                       It's Only the Himalayas  45.17     In stock 2026-09-25 12:00:06
                                                                       It's Only the Himalayas  45.17     In stock 2026-09-25 13:00:05
                                                                       It's Only the Himalayas  45.17     In stock 2026-09-25 17:36:09
                                                                       It's Only the Himalayas  45.17     In stock 2026-09-25 18:31:32
                                                                       It's Only the Himalayas  45.17     In stock 2026-09-25 19:00:05
                                                                       It's Only the Himalayas  45.17     In stock 2026-09-25 19:00:05
                                                                       It's Only the Himalayas  45.17     In stock 2026-09-25 19:15:06
                                                                       It's Only the Himalayas  45.17     In stock 2026-09-25 19:30:05
                                                                       It's Only the Himalayas  45.17     In stock 2026-09-25 19:33:58
                                                                       It's Only the Himalayas  45.17     In stock 2026-09-25 19:45:07
                                                                       It's Only the Himalayas  45.17     In stock 2026-09-25 20:00:05
                                                                       It's Only the Himalayas  45.17     In stock 2026-09-25 20:15:04
                                                                  Libertarianism for Beginners  51.33     In stock 2026-09-24 20:14:49
                                                                  Libertarianism for Beginners  51.33     In stock 2026-09-24 20:19:23
                                                                  Libertarianism for Beginners  51.33     In stock 2026-09-25 09:18:33
                                                                  Libertarianism for Beginners  51.33     In stock 2026-09-25 09:28:30
                                                                  Libertarianism for Beginners  51.33     In stock 2026-09-25 10:16:22
                                                                  Libertarianism for Beginners  51.33     In stock 2026-09-25 10:30:32
                                                                  Libertarianism for Beginners  51.33     In stock 2026-09-25 10:37:55
                                                                  Libertarianism for Beginners  51.33     In stock 2026-09-25 10:38:27
                                                                  Libertarianism for Beginners  51.33     In stock 2026-09-25 11:04:52
                                                                  Libertarianism for Beginners  51.33     In stock 2026-09-25 11:25:35
                                                                  Libertarianism for Beginners  51.33     In stock 2026-09-25 11:26:44
                                                                  Libertarianism for Beginners  51.33     In stock 2026-09-25 12:00:06
                                                                  Libertarianism for Beginners  51.33     In stock 2026-09-25 13:00:05
                                                                  Libertarianism for Beginners  51.33     In stock 2026-09-25 17:36:09
                                                                  Libertarianism for Beginners  51.33     In stock 2026-09-25 18:31:32
                                                                  Libertarianism for Beginners  51.33     In stock 2026-09-25 19:00:05
                                                                  Libertarianism for Beginners  51.33     In stock 2026-09-25 19:00:05
                                                                  Libertarianism for Beginners  51.33     In stock 2026-09-25 19:15:06
                                                                  Libertarianism for Beginners  51.33     In stock 2026-09-25 19:30:05
                                                                  Libertarianism for Beginners  51.33     In stock 2026-09-25 19:33:58
                                                                  Libertarianism for Beginners  51.33     In stock 2026-09-25 19:45:07
                                                                  Libertarianism for Beginners  51.33     In stock 2026-09-25 20:00:05
                                                                  Libertarianism for Beginners  51.33     In stock 2026-09-25 20:15:04
                                         Mesaerion: The Best Science Fiction Stories 1800-1849  37.59     In stock 2026-09-24 20:14:49
                                         Mesaerion: The Best Science Fiction Stories 1800-1849  37.59     In stock 2026-09-24 20:19:23
                                         Mesaerion: The Best Science Fiction Stories 1800-1849  37.59     In stock 2026-09-25 09:18:33
                                         Mesaerion: The Best Science Fiction Stories 1800-1849  37.59     In stock 2026-09-25 09:28:30
                                         Mesaerion: The Best Science Fiction Stories 1800-1849  37.59     In stock 2026-09-25 10:16:22
                                         Mesaerion: The Best Science Fiction Stories 1800-1849  37.59     In stock 2026-09-25 10:30:32
                                         Mesaerion: The Best Science Fiction Stories 1800-1849  37.59     In stock 2026-09-25 10:37:55
                                         Mesaerion: The Best Science Fiction Stories 1800-1849  37.59     In stock 2026-09-25 10:38:27
                                         Mesaerion: The Best Science Fiction Stories 1800-1849  37.59     In stock 2026-09-25 11:04:52
                                         Mesaerion: The Best Science Fiction Stories 1800-1849  37.59     In stock 2026-09-25 11:25:35
                                         Mesaerion: The Best Science Fiction Stories 1800-1849  37.59     In stock 2026-09-25 11:26:44
                                         Mesaerion: The Best Science Fiction Stories 1800-1849  37.59     In stock 2026-09-25 12:00:06
                                         Mesaerion: The Best Science Fiction Stories 1800-1849  37.59     In stock 2026-09-25 13:00:05
                                         Mesaerion: The Best Science Fiction Stories 1800-1849  37.59     In stock 2026-09-25 17:36:09
                                         Mesaerion: The Best Science Fiction Stories 1800-1849  37.59     In stock 2026-09-25 18:31:32
                                         Mesaerion: The Best Science Fiction Stories 1800-1849  37.59     In stock 2026-09-25 19:00:05
                                         Mesaerion: The Best Science Fiction Stories 1800-1849  37.59     In stock 2026-09-25 19:00:05
                                         Mesaerion: The Best Science Fiction Stories 1800-1849  37.59     In stock 2026-09-25 19:15:06
                                         Mesaerion: The Best Science Fiction Stories 1800-1849  37.59     In stock 2026-09-25 19:30:05
                                         Mesaerion: The Best Science Fiction Stories 1800-1849  37.59     In stock 2026-09-25 19:33:58
                                         Mesaerion: The Best Science Fiction Stories 1800-1849  37.59     In stock 2026-09-25 19:45:07
                                         Mesaerion: The Best Science Fiction Stories 1800-1849  37.59     In stock 2026-09-25 20:00:05
                                         Mesaerion: The Best Science Fiction Stories 1800-1849  37.59     In stock 2026-09-25 20:15:04
                                                                                          Olio  23.88     In stock 2026-09-24 20:14:49
                                                                                          Olio  23.88     In stock 2026-09-24 20:19:23
                                                                                          Olio  23.88     In stock 2026-09-25 09:18:33
                                                                                          Olio  23.88     In stock 2026-09-25 09:28:30
                                                                                          Olio  23.88     In stock 2026-09-25 10:16:22
                                                                                          Olio  23.88     In stock 2026-09-25 10:30:32
                                                                                          Olio  23.88     In stock 2026-09-25 10:37:55
                                                                                          Olio  23.88     In stock 2026-09-25 10:38:27
                                                                                          Olio  23.88     In stock 2026-09-25 11:04:52
                                                                                          Olio  23.88     In stock 2026-09-25 11:25:35
                                                                                          Olio  23.88     In stock 2026-09-25 11:26:44
                                                                                          Olio  23.88     In stock 2026-09-25 12:00:06
                                                                                          Olio  23.88     In stock 2026-09-25 13:00:05
                                                                                          Olio  23.88     In stock 2026-09-25 17:36:09
                                                                                          Olio  23.88     In stock 2026-09-25 18:31:32
                                                                                          Olio  23.88     In stock 2026-09-25 19:00:05
                                                                                          Olio  23.88     In stock 2026-09-25 19:00:05
                                                                                          Olio  23.88     In stock 2026-09-25 19:15:06
                                                                                          Olio  23.88     In stock 2026-09-25 19:30:05
                                                                                          Olio  23.88     In stock 2026-09-25 19:33:58
                                                                                          Olio  23.88     In stock 2026-09-25 19:45:07
                                                                                          Olio  23.88     In stock 2026-09-25 20:00:05
                                                                                          Olio  23.88     In stock 2026-09-25 20:15:04
            Our Band Could Be Your Life: Scenes from the American Indie Underground, 1981-1991  57.25     In stock 2026-09-24 20:14:49
            Our Band Could Be Your Life: Scenes from the American Indie Underground, 1981-1991  57.25     In stock 2026-09-24 20:19:23
            Our Band Could Be Your Life: Scenes from the American Indie Underground, 1981-1991  57.25     In stock 2026-09-25 09:18:33
            Our Band Could Be Your Life: Scenes from the American Indie Underground, 1981-1991  57.25     In stock 2026-09-25 09:28:30
            Our Band Could Be Your Life: Scenes from the American Indie Underground, 1981-1991  57.25     In stock 2026-09-25 10:16:22
            Our Band Could Be Your Life: Scenes from the American Indie Underground, 1981-1991  57.25     In stock 2026-09-25 10:30:32
            Our Band Could Be Your Life: Scenes from the American Indie Underground, 1981-1991  57.25     In stock 2026-09-25 10:37:55
            Our Band Could Be Your Life: Scenes from the American Indie Underground, 1981-1991  57.25     In stock 2026-09-25 10:38:27
            Our Band Could Be Your Life: Scenes from the American Indie Underground, 1981-1991  57.25     In stock 2026-09-25 11:04:52
            Our Band Could Be Your Life: Scenes from the American Indie Underground, 1981-1991  57.25     In stock 2026-09-25 11:25:35
            Our Band Could Be Your Life: Scenes from the American Indie Underground, 1981-1991  57.25     In stock 2026-09-25 11:26:44
            Our Band Could Be Your Life: Scenes from the American Indie Underground, 1981-1991  57.25     In stock 2026-09-25 12:00:06
            Our Band Could Be Your Life: Scenes from the American Indie Underground, 1981-1991  57.25     In stock 2026-09-25 13:00:05
            Our Band Could Be Your Life: Scenes from the American Indie Underground, 1981-1991  57.25     In stock 2026-09-25 17:36:09
            Our Band Could Be Your Life: Scenes from the American Indie Underground, 1981-1991  57.25     In stock 2026-09-25 18:31:32
            Our Band Could Be Your Life: Scenes from the American Indie Underground, 1981-1991  57.25     In stock 2026-09-25 19:00:05
            Our Band Could Be Your Life: Scenes from the American Indie Underground, 1981-1991  57.25     In stock 2026-09-25 19:00:05
            Our Band Could Be Your Life: Scenes from the American Indie Underground, 1981-1991  57.25     In stock 2026-09-25 19:15:06
            Our Band Could Be Your Life: Scenes from the American Indie Underground, 1981-1991  57.25     In stock 2026-09-25 19:30:05
            Our Band Could Be Your Life: Scenes from the American Indie Underground, 1981-1991  57.25     In stock 2026-09-25 19:33:58
            Our Band Could Be Your Life: Scenes from the American Indie Underground, 1981-1991  57.25     In stock 2026-09-25 19:45:07
            Our Band Could Be Your Life: Scenes from the American Indie Underground, 1981-1991  57.25     In stock 2026-09-25 20:00:05
            Our Band Could Be Your Life: Scenes from the American Indie Underground, 1981-1991  57.25     In stock 2026-09-25 20:15:04
                                                                     Rip it Up and Start Again  35.02     In stock 2026-09-24 20:14:49
                                                                     Rip it Up and Start Again  35.02     In stock 2026-09-24 20:19:23
                                                                     Rip it Up and Start Again  35.02     In stock 2026-09-25 09:18:33
                                                                     Rip it Up and Start Again  35.02     In stock 2026-09-25 09:28:30
                                                                     Rip it Up and Start Again  35.02     In stock 2026-09-25 10:16:22
                                                                     Rip it Up and Start Again  35.02     In stock 2026-09-25 10:30:32
                                                                     Rip it Up and Start Again  35.02     In stock 2026-09-25 10:37:55
                                                                     Rip it Up and Start Again  35.02     In stock 2026-09-25 10:38:27
                                                                     Rip it Up and Start Again  35.02     In stock 2026-09-25 11:04:52
                                                                     Rip it Up and Start Again  35.02     In stock 2026-09-25 11:25:35
                                                                     Rip it Up and Start Again  35.02     In stock 2026-09-25 11:26:44
                                                                     Rip it Up and Start Again  35.02     In stock 2026-09-25 12:00:06
                                                                     Rip it Up and Start Again  35.02     In stock 2026-09-25 13:00:05
                                                                     Rip it Up and Start Again  35.02     In stock 2026-09-25 17:36:09
                                                                     Rip it Up and Start Again  35.02     In stock 2026-09-25 18:31:32
                                                                     Rip it Up and Start Again  35.02     In stock 2026-09-25 19:00:05
                                                                     Rip it Up and Start Again  35.02     In stock 2026-09-25 19:00:05
                                                                     Rip it Up and Start Again  35.02     In stock 2026-09-25 19:15:06
                                                                     Rip it Up and Start Again  35.02     In stock 2026-09-25 19:30:05
                                                                     Rip it Up and Start Again  35.02     In stock 2026-09-25 19:33:58
                                                                     Rip it Up and Start Again  35.02     In stock 2026-09-25 19:45:07
                                                                     Rip it Up and Start Again  35.02     In stock 2026-09-25 20:00:05
                                                                     Rip it Up and Start Again  35.02     In stock 2026-09-25 20:15:04
                                                         Sapiens: A Brief History of Humankind  54.23     In stock 2026-09-24 20:14:49
                                                         Sapiens: A Brief History of Humankind  54.23     In stock 2026-09-24 20:19:23
                                                         Sapiens: A Brief History of Humankind  54.23     In stock 2026-09-25 09:18:33
                                                         Sapiens: A Brief History of Humankind  54.23     In stock 2026-09-25 09:28:30
                                                         Sapiens: A Brief History of Humankind  54.23     In stock 2026-09-25 10:16:22
                                                         Sapiens: A Brief History of Humankind  54.23     In stock 2026-09-25 10:30:32
                                                         Sapiens: A Brief History of Humankind  54.23     In stock 2026-09-25 10:37:55
                                                         Sapiens: A Brief History of Humankind  54.23     In stock 2026-09-25 10:38:27
                                                         Sapiens: A Brief History of Humankind  54.23     In stock 2026-09-25 11:04:52
                                                         Sapiens: A Brief History of Humankind  54.23     In stock 2026-09-25 11:25:35
                                                         Sapiens: A Brief History of Humankind  54.23     In stock 2026-09-25 11:26:44
                                                         Sapiens: A Brief History of Humankind  54.23     In stock 2026-09-25 12:00:06
                                                         Sapiens: A Brief History of Humankind  54.23     In stock 2026-09-25 13:00:05
                                                         Sapiens: A Brief History of Humankind  54.23     In stock 2026-09-25 17:36:09
                                                         Sapiens: A Brief History of Humankind  54.23     In stock 2026-09-25 18:31:32
                                                         Sapiens: A Brief History of Humankind  54.23     In stock 2026-09-25 19:00:05
                                                         Sapiens: A Brief History of Humankind  54.23     In stock 2026-09-25 19:00:05
                                                         Sapiens: A Brief History of Humankind  54.23     In stock 2026-09-25 19:15:06
                                                         Sapiens: A Brief History of Humankind  54.23     In stock 2026-09-25 19:30:05
                                                         Sapiens: A Brief History of Humankind  54.23     In stock 2026-09-25 19:33:58
                                                         Sapiens: A Brief History of Humankind  54.23     In stock 2026-09-25 19:45:07
                                                         Sapiens: A Brief History of Humankind  54.23     In stock 2026-09-25 20:00:05
                                                         Sapiens: A Brief History of Humankind  54.23     In stock 2026-09-25 20:15:04
                                       Scott Pilgrim's Precious Little Life (Scott Pilgrim #1)  52.29     In stock 2026-09-24 20:14:49
                                       Scott Pilgrim's Precious Little Life (Scott Pilgrim #1)  52.29     In stock 2026-09-24 20:19:23
                                       Scott Pilgrim's Precious Little Life (Scott Pilgrim #1)  52.29     In stock 2026-09-25 09:18:33
                                       Scott Pilgrim's Precious Little Life (Scott Pilgrim #1)  52.29     In stock 2026-09-25 09:28:30
                                       Scott Pilgrim's Precious Little Life (Scott Pilgrim #1)  52.29     In stock 2026-09-25 10:16:22
                                       Scott Pilgrim's Precious Little Life (Scott Pilgrim #1)  52.29     In stock 2026-09-25 10:30:32
                                       Scott Pilgrim's Precious Little Life (Scott Pilgrim #1)  52.29     In stock 2026-09-25 10:37:55
                                       Scott Pilgrim's Precious Little Life (Scott Pilgrim #1)  52.29     In stock 2026-09-25 10:38:27
                                       Scott Pilgrim's Precious Little Life (Scott Pilgrim #1)  52.29     In stock 2026-09-25 11:04:52
                                       Scott Pilgrim's Precious Little Life (Scott Pilgrim #1)  52.29     In stock 2026-09-25 11:25:35
                                       Scott Pilgrim's Precious Little Life (Scott Pilgrim #1)  52.29     In stock 2026-09-25 11:26:44
                                       Scott Pilgrim's Precious Little Life (Scott Pilgrim #1)  52.29     In stock 2026-09-25 12:00:06
                                       Scott Pilgrim's Precious Little Life (Scott Pilgrim #1)  52.29     In stock 2026-09-25 13:00:05
                                       Scott Pilgrim's Precious Little Life (Scott Pilgrim #1)  52.29     In stock 2026-09-25 17:36:09
                                       Scott Pilgrim's Precious Little Life (Scott Pilgrim #1)  52.29     In stock 2026-09-25 18:31:32
                                       Scott Pilgrim's Precious Little Life (Scott Pilgrim #1)  52.29     In stock 2026-09-25 19:00:05
                                       Scott Pilgrim's Precious Little Life (Scott Pilgrim #1)  52.29     In stock 2026-09-25 19:00:05
                                       Scott Pilgrim's Precious Little Life (Scott Pilgrim #1)  52.29     In stock 2026-09-25 19:15:06
                                       Scott Pilgrim's Precious Little Life (Scott Pilgrim #1)  52.29     In stock 2026-09-25 19:30:05
                                       Scott Pilgrim's Precious Little Life (Scott Pilgrim #1)  52.29     In stock 2026-09-25 19:33:58
                                       Scott Pilgrim's Precious Little Life (Scott Pilgrim #1)  52.29     In stock 2026-09-25 19:45:07
                                       Scott Pilgrim's Precious Little Life (Scott Pilgrim #1)  52.29     In stock 2026-09-25 20:00:05
                                       Scott Pilgrim's Precious Little Life (Scott Pilgrim #1)  52.29     In stock 2026-09-25 20:15:04
                                                                                   Set Me Free  17.46     In stock 2026-09-24 20:14:49
                                                                                   Set Me Free  17.46     In stock 2026-09-24 20:19:23
                                                                                   Set Me Free  17.46     In stock 2026-09-25 09:18:33
                                                                                   Set Me Free  17.46     In stock 2026-09-25 09:28:30
                                                                                   Set Me Free  17.46     In stock 2026-09-25 10:16:22
                                                                                   Set Me Free  17.46     In stock 2026-09-25 10:30:32
                                                                                   Set Me Free  17.46     In stock 2026-09-25 10:37:55
                                                                                   Set Me Free  17.46     In stock 2026-09-25 10:38:27
                                                                                   Set Me Free  17.46     In stock 2026-09-25 11:04:52
                                                                                   Set Me Free  17.46     In stock 2026-09-25 11:25:35
                                                                                   Set Me Free  17.46     In stock 2026-09-25 11:26:44
                                                                                   Set Me Free  17.46     In stock 2026-09-25 12:00:06
                                                                                   Set Me Free  17.46     In stock 2026-09-25 13:00:05
                                                                                   Set Me Free  17.46     In stock 2026-09-25 17:36:09
                                                                                   Set Me Free  17.46     In stock 2026-09-25 18:31:32
                                                                                   Set Me Free  17.46     In stock 2026-09-25 19:00:05
                                                                                   Set Me Free  17.46     In stock 2026-09-25 19:00:05
                                                                                   Set Me Free  17.46     In stock 2026-09-25 19:15:06
                                                                                   Set Me Free  17.46     In stock 2026-09-25 19:30:05
                                                                                   Set Me Free  17.46     In stock 2026-09-25 19:33:58
                                                                                   Set Me Free  17.46     In stock 2026-09-25 19:45:07
                                                                                   Set Me Free  17.46     In stock 2026-09-25 20:00:05
                                                                                   Set Me Free  17.46     In stock 2026-09-25 20:15:04
                                                                         Shakespeare's Sonnets  20.66     In stock 2026-09-24 20:14:49
                                                                         Shakespeare's Sonnets  20.66     In stock 2026-09-24 20:19:23
                                                                         Shakespeare's Sonnets  20.66     In stock 2026-09-25 09:18:33
                                                                         Shakespeare's Sonnets  20.66     In stock 2026-09-25 09:28:30
                                                                         Shakespeare's Sonnets  20.66     In stock 2026-09-25 10:16:22
                                                                         Shakespeare's Sonnets  20.66     In stock 2026-09-25 10:30:32
                                                                         Shakespeare's Sonnets  20.66     In stock 2026-09-25 10:37:55
                                                                         Shakespeare's Sonnets  20.66     In stock 2026-09-25 10:38:27
                                                                         Shakespeare's Sonnets  20.66     In stock 2026-09-25 11:04:52
                                                                         Shakespeare's Sonnets  20.66     In stock 2026-09-25 11:25:35
                                                                         Shakespeare's Sonnets  20.66     In stock 2026-09-25 11:26:44
                                                                         Shakespeare's Sonnets  20.66     In stock 2026-09-25 12:00:06
                                                                         Shakespeare's Sonnets  20.66     In stock 2026-09-25 13:00:05
                                                                         Shakespeare's Sonnets  20.66     In stock 2026-09-25 17:36:09
                                                                         Shakespeare's Sonnets  20.66     In stock 2026-09-25 18:31:32
                                                                         Shakespeare's Sonnets  20.66     In stock 2026-09-25 19:00:05
                                                                         Shakespeare's Sonnets  20.66     In stock 2026-09-25 19:00:05
                                                                         Shakespeare's Sonnets  20.66     In stock 2026-09-25 19:15:06
                                                                         Shakespeare's Sonnets  20.66     In stock 2026-09-25 19:30:05
                                                                         Shakespeare's Sonnets  20.66     In stock 2026-09-25 19:33:58
                                                                         Shakespeare's Sonnets  20.66     In stock 2026-09-25 19:45:07
                                                                         Shakespeare's Sonnets  20.66     In stock 2026-09-25 20:00:05
                                                                         Shakespeare's Sonnets  20.66     In stock 2026-09-25 20:15:04
                                                                                 Sharp Objects  47.82     In stock 2026-09-24 20:14:49
                                                                                 Sharp Objects  47.82     In stock 2026-09-24 20:19:23
                                                                                 Sharp Objects  47.82     In stock 2026-09-25 09:18:33
                                                                                 Sharp Objects  47.82     In stock 2026-09-25 09:28:30
                                                                                 Sharp Objects  47.82     In stock 2026-09-25 10:16:22
                                                                                 Sharp Objects  47.82     In stock 2026-09-25 10:30:32
                                                                                 Sharp Objects  47.82     In stock 2026-09-25 10:37:55
                                                                                 Sharp Objects  47.82     In stock 2026-09-25 10:38:27
                                                                                 Sharp Objects  47.82     In stock 2026-09-25 11:04:52
                                                                                 Sharp Objects  47.82     In stock 2026-09-25 11:25:35
                                                                                 Sharp Objects  47.82     In stock 2026-09-25 11:26:44
                                                                                 Sharp Objects  47.82     In stock 2026-09-25 12:00:06
                                                                                 Sharp Objects  47.82     In stock 2026-09-25 13:00:05
                                                                                 Sharp Objects  47.82     In stock 2026-09-25 17:36:09
                                                                                 Sharp Objects  47.82     In stock 2026-09-25 18:31:32
                                                                                 Sharp Objects  47.82     In stock 2026-09-25 19:00:05
                                                                                 Sharp Objects  47.82     In stock 2026-09-25 19:00:05
                                                                                 Sharp Objects  47.82     In stock 2026-09-25 19:15:06
                                                                                 Sharp Objects  47.82     In stock 2026-09-25 19:30:05
                                                                                 Sharp Objects  47.82     In stock 2026-09-25 19:33:58
                                                                                 Sharp Objects  47.82     In stock 2026-09-25 19:45:07
                                                                                 Sharp Objects  47.82     In stock 2026-09-25 20:00:05
                                                                                 Sharp Objects  47.82     In stock 2026-09-25 20:15:04
                                                                                    Soumission  50.10     In stock 2026-09-24 20:14:49
                                                                                    Soumission  50.10     In stock 2026-09-24 20:19:23
                                                                                    Soumission  50.10     In stock 2026-09-25 09:18:33
                                                                                    Soumission  50.10     In stock 2026-09-25 09:28:30
                                                                                    Soumission  50.10     In stock 2026-09-25 10:16:22
                                                                                    Soumission  50.10     In stock 2026-09-25 10:30:32
                                                                                    Soumission  50.10     In stock 2026-09-25 10:37:55
                                                                                    Soumission  50.10     In stock 2026-09-25 10:38:27
                                                                                    Soumission  50.10     In stock 2026-09-25 11:04:52
                                                                                    Soumission  50.10     In stock 2026-09-25 11:25:35
                                                                                    Soumission  50.10     In stock 2026-09-25 11:26:44
                                                                                    Soumission  50.10     In stock 2026-09-25 12:00:06
                                                                                    Soumission  50.10     In stock 2026-09-25 13:00:05
                                                                                    Soumission  50.10     In stock 2026-09-25 17:36:09
                                                                                    Soumission  50.10     In stock 2026-09-25 18:31:32
                                                                                    Soumission  50.10     In stock 2026-09-25 19:00:05
                                                                                    Soumission  50.10     In stock 2026-09-25 19:00:05
                                                                                    Soumission  50.10     In stock 2026-09-25 19:15:06
                                                                                    Soumission  50.10     In stock 2026-09-25 19:30:05
                                                                                    Soumission  50.10     In stock 2026-09-25 19:33:58
                                                                                    Soumission  50.10     In stock 2026-09-25 19:45:07
                                                                                    Soumission  50.10     In stock 2026-09-25 20:00:05
                                                                                    Soumission  50.10     In stock 2026-09-25 20:15:04
                                                Starving Hearts (Triangular Trade Trilogy, #1)  13.99     In stock 2026-09-24 20:14:49
                                                Starving Hearts (Triangular Trade Trilogy, #1)  13.99     In stock 2026-09-24 20:19:23
                                                Starving Hearts (Triangular Trade Trilogy, #1)  13.99     In stock 2026-09-25 09:18:33
                                                Starving Hearts (Triangular Trade Trilogy, #1)  13.99     In stock 2026-09-25 09:28:30
                                                Starving Hearts (Triangular Trade Trilogy, #1)  13.99     In stock 2026-09-25 10:16:22
                                                Starving Hearts (Triangular Trade Trilogy, #1)  13.99     In stock 2026-09-25 10:30:32
                                                Starving Hearts (Triangular Trade Trilogy, #1)  13.99     In stock 2026-09-25 10:37:55
                                                Starving Hearts (Triangular Trade Trilogy, #1)  13.99     In stock 2026-09-25 10:38:27
                                                Starving Hearts (Triangular Trade Trilogy, #1)  13.99     In stock 2026-09-25 11:04:52
                                                Starving Hearts (Triangular Trade Trilogy, #1)  13.99     In stock 2026-09-25 11:25:35
                                                Starving Hearts (Triangular Trade Trilogy, #1)  13.99     In stock 2026-09-25 11:26:44
                                                Starving Hearts (Triangular Trade Trilogy, #1)  13.99     In stock 2026-09-25 12:00:06
                                                Starving Hearts (Triangular Trade Trilogy, #1)  13.99     In stock 2026-09-25 13:00:05
                                                Starving Hearts (Triangular Trade Trilogy, #1)  13.99     In stock 2026-09-25 17:36:09
                                                Starving Hearts (Triangular Trade Trilogy, #1)  13.99     In stock 2026-09-25 18:31:32
                                                Starving Hearts (Triangular Trade Trilogy, #1)  13.99     In stock 2026-09-25 19:00:05
                                                Starving Hearts (Triangular Trade Trilogy, #1)  13.99     In stock 2026-09-25 19:00:05
                                                Starving Hearts (Triangular Trade Trilogy, #1)  13.99     In stock 2026-09-25 19:15:06
                                                Starving Hearts (Triangular Trade Trilogy, #1)  13.99     In stock 2026-09-25 19:30:05
                                                Starving Hearts (Triangular Trade Trilogy, #1)  13.99     In stock 2026-09-25 19:33:58
                                                Starving Hearts (Triangular Trade Trilogy, #1)  13.99     In stock 2026-09-25 19:45:07
                                                Starving Hearts (Triangular Trade Trilogy, #1)  13.99     In stock 2026-09-25 20:00:05
                                                Starving Hearts (Triangular Trade Trilogy, #1)  13.99     In stock 2026-09-25 20:15:04
                                                                               The Black Maria  52.15     In stock 2026-09-24 20:14:49
                                                                               The Black Maria  45.00     In stock 2026-09-24 20:19:23
                                                                               The Black Maria  52.15     In stock 2026-09-25 09:18:33
                                                                               The Black Maria  52.15     In stock 2026-09-25 09:28:30
                                                                               The Black Maria  52.15     In stock 2026-09-25 10:16:22
                                                                               The Black Maria  52.15     In stock 2026-09-25 10:30:32
                                                                               The Black Maria  52.15     In stock 2026-09-25 10:37:55
                                                                               The Black Maria  52.15     In stock 2026-09-25 10:38:27
                                                                               The Black Maria  52.15     In stock 2026-09-25 11:04:52
                                                                               The Black Maria  52.15     In stock 2026-09-25 11:25:35
                                                                               The Black Maria  52.15     In stock 2026-09-25 11:26:44
                                                                               The Black Maria  52.15     In stock 2026-09-25 12:00:06
                                                                               The Black Maria  52.15     In stock 2026-09-25 13:00:05
                                                                               The Black Maria  52.15     In stock 2026-09-25 17:36:09
                                                                               The Black Maria  52.15     In stock 2026-09-25 18:31:32
                                                                               The Black Maria  52.15     In stock 2026-09-25 19:00:05
                                                                               The Black Maria  52.15     In stock 2026-09-25 19:00:05
                                                                               The Black Maria  52.15     In stock 2026-09-25 19:15:06
                                                                               The Black Maria  52.15     In stock 2026-09-25 19:30:05
                                                                               The Black Maria  52.15     In stock 2026-09-25 19:33:58
                                                                               The Black Maria  52.15     In stock 2026-09-25 19:45:07
                                                                               The Black Maria  52.15     In stock 2026-09-25 20:00:05
                                                                               The Black Maria  52.15     In stock 2026-09-25 20:15:04
The Boys in the Boat: Nine Americans and Their Epic Quest for Gold at the 1936 Berlin Olympics  22.60     In stock 2026-09-24 20:14:49
The Boys in the Boat: Nine Americans and Their Epic Quest for Gold at the 1936 Berlin Olympics  22.60     In stock 2026-09-24 20:19:23
The Boys in the Boat: Nine Americans and Their Epic Quest for Gold at the 1936 Berlin Olympics  22.60     In stock 2026-09-25 09:18:33
The Boys in the Boat: Nine Americans and Their Epic Quest for Gold at the 1936 Berlin Olympics  22.60     In stock 2026-09-25 09:28:30
The Boys in the Boat: Nine Americans and Their Epic Quest for Gold at the 1936 Berlin Olympics  22.60     In stock 2026-09-25 10:16:22
The Boys in the Boat: Nine Americans and Their Epic Quest for Gold at the 1936 Berlin Olympics  22.60     In stock 2026-09-25 10:30:32
The Boys in the Boat: Nine Americans and Their Epic Quest for Gold at the 1936 Berlin Olympics  22.60     In stock 2026-09-25 10:37:55
The Boys in the Boat: Nine Americans and Their Epic Quest for Gold at the 1936 Berlin Olympics  22.60     In stock 2026-09-25 10:38:27
The Boys in the Boat: Nine Americans and Their Epic Quest for Gold at the 1936 Berlin Olympics  22.60     In stock 2026-09-25 11:04:52
The Boys in the Boat: Nine Americans and Their Epic Quest for Gold at the 1936 Berlin Olympics  22.60     In stock 2026-09-25 11:25:35
The Boys in the Boat: Nine Americans and Their Epic Quest for Gold at the 1936 Berlin Olympics  22.60     In stock 2026-09-25 11:26:44
The Boys in the Boat: Nine Americans and Their Epic Quest for Gold at the 1936 Berlin Olympics  22.60     In stock 2026-09-25 12:00:06
The Boys in the Boat: Nine Americans and Their Epic Quest for Gold at the 1936 Berlin Olympics  22.60     In stock 2026-09-25 13:00:05
The Boys in the Boat: Nine Americans and Their Epic Quest for Gold at the 1936 Berlin Olympics  22.60     In stock 2026-09-25 17:36:09
The Boys in the Boat: Nine Americans and Their Epic Quest for Gold at the 1936 Berlin Olympics  22.60     In stock 2026-09-25 18:31:32
The Boys in the Boat: Nine Americans and Their Epic Quest for Gold at the 1936 Berlin Olympics  22.60     In stock 2026-09-25 19:00:05
The Boys in the Boat: Nine Americans and Their Epic Quest for Gold at the 1936 Berlin Olympics  22.60     In stock 2026-09-25 19:00:05
The Boys in the Boat: Nine Americans and Their Epic Quest for Gold at the 1936 Berlin Olympics  22.60     In stock 2026-09-25 19:15:06
The Boys in the Boat: Nine Americans and Their Epic Quest for Gold at the 1936 Berlin Olympics  22.60     In stock 2026-09-25 19:30:05
The Boys in the Boat: Nine Americans and Their Epic Quest for Gold at the 1936 Berlin Olympics  22.60     In stock 2026-09-25 19:33:58
The Boys in the Boat: Nine Americans and Their Epic Quest for Gold at the 1936 Berlin Olympics  22.60     In stock 2026-09-25 19:45:07
The Boys in the Boat: Nine Americans and Their Epic Quest for Gold at the 1936 Berlin Olympics  22.60     In stock 2026-09-25 20:00:05
The Boys in the Boat: Nine Americans and Their Epic Quest for Gold at the 1936 Berlin Olympics  22.60     In stock 2026-09-25 20:15:04
       The Coming Woman: A Novel Based on the Life of the Infamous Feminist, Victoria Woodhull  17.93     In stock 2026-09-24 20:14:49
       The Coming Woman: A Novel Based on the Life of the Infamous Feminist, Victoria Woodhull  17.93     In stock 2026-09-24 20:19:23
       The Coming Woman: A Novel Based on the Life of the Infamous Feminist, Victoria Woodhull  17.93     In stock 2026-09-25 09:18:33
       The Coming Woman: A Novel Based on the Life of the Infamous Feminist, Victoria Woodhull  17.93     In stock 2026-09-25 09:28:30
       The Coming Woman: A Novel Based on the Life of the Infamous Feminist, Victoria Woodhull  17.93     In stock 2026-09-25 10:16:22
       The Coming Woman: A Novel Based on the Life of the Infamous Feminist, Victoria Woodhull  17.93     In stock 2026-09-25 10:30:32
       The Coming Woman: A Novel Based on the Life of the Infamous Feminist, Victoria Woodhull  17.93     In stock 2026-09-25 10:37:55
       The Coming Woman: A Novel Based on the Life of the Infamous Feminist, Victoria Woodhull  17.93     In stock 2026-09-25 10:38:27
       The Coming Woman: A Novel Based on the Life of the Infamous Feminist, Victoria Woodhull  17.93     In stock 2026-09-25 11:04:52
       The Coming Woman: A Novel Based on the Life of the Infamous Feminist, Victoria Woodhull  17.93     In stock 2026-09-25 11:25:35
       The Coming Woman: A Novel Based on the Life of the Infamous Feminist, Victoria Woodhull  17.93     In stock 2026-09-25 11:26:44
       The Coming Woman: A Novel Based on the Life of the Infamous Feminist, Victoria Woodhull  17.93     In stock 2026-09-25 12:00:06
       The Coming Woman: A Novel Based on the Life of the Infamous Feminist, Victoria Woodhull  17.93     In stock 2026-09-25 13:00:05
       The Coming Woman: A Novel Based on the Life of the Infamous Feminist, Victoria Woodhull  17.93     In stock 2026-09-25 17:36:09
       The Coming Woman: A Novel Based on the Life of the Infamous Feminist, Victoria Woodhull  17.93     In stock 2026-09-25 18:31:32
       The Coming Woman: A Novel Based on the Life of the Infamous Feminist, Victoria Woodhull  17.93     In stock 2026-09-25 19:00:05
       The Coming Woman: A Novel Based on the Life of the Infamous Feminist, Victoria Woodhull  17.93     In stock 2026-09-25 19:00:05
       The Coming Woman: A Novel Based on the Life of the Infamous Feminist, Victoria Woodhull  17.93     In stock 2026-09-25 19:15:06
       The Coming Woman: A Novel Based on the Life of the Infamous Feminist, Victoria Woodhull  17.93     In stock 2026-09-25 19:30:05
       The Coming Woman: A Novel Based on the Life of the Infamous Feminist, Victoria Woodhull  17.93     In stock 2026-09-25 19:33:58
       The Coming Woman: A Novel Based on the Life of the Infamous Feminist, Victoria Woodhull  17.93     In stock 2026-09-25 19:45:07
       The Coming Woman: A Novel Based on the Life of the Infamous Feminist, Victoria Woodhull  17.93     In stock 2026-09-25 20:00:05
       The Coming Woman: A Novel Based on the Life of the Infamous Feminist, Victoria Woodhull  17.93     In stock 2026-09-25 20:15:04
                                            The Dirty Little Secrets of Getting Your Dream Job  33.34     In stock 2026-09-24 20:14:49
                                            The Dirty Little Secrets of Getting Your Dream Job  33.34     In stock 2026-09-24 20:19:23
                                            The Dirty Little Secrets of Getting Your Dream Job  33.34     In stock 2026-09-25 09:18:33
                                            The Dirty Little Secrets of Getting Your Dream Job  33.34     In stock 2026-09-25 09:28:30
                                            The Dirty Little Secrets of Getting Your Dream Job  33.34     In stock 2026-09-25 10:16:22
                                            The Dirty Little Secrets of Getting Your Dream Job  33.34     In stock 2026-09-25 10:30:32
                                            The Dirty Little Secrets of Getting Your Dream Job  33.34     In stock 2026-09-25 10:37:55
                                            The Dirty Little Secrets of Getting Your Dream Job  33.34     In stock 2026-09-25 10:38:27
                                            The Dirty Little Secrets of Getting Your Dream Job  33.34     In stock 2026-09-25 11:04:52
                                            The Dirty Little Secrets of Getting Your Dream Job  33.34     In stock 2026-09-25 11:25:35
                                            The Dirty Little Secrets of Getting Your Dream Job  33.34     In stock 2026-09-25 11:26:44
                                            The Dirty Little Secrets of Getting Your Dream Job  33.34     In stock 2026-09-25 12:00:06
                                            The Dirty Little Secrets of Getting Your Dream Job  33.34     In stock 2026-09-25 13:00:05
                                            The Dirty Little Secrets of Getting Your Dream Job  33.34     In stock 2026-09-25 17:36:09
                                            The Dirty Little Secrets of Getting Your Dream Job  33.34     In stock 2026-09-25 18:31:32
                                            The Dirty Little Secrets of Getting Your Dream Job  33.34     In stock 2026-09-25 19:00:05
                                            The Dirty Little Secrets of Getting Your Dream Job  33.34     In stock 2026-09-25 19:00:05
                                            The Dirty Little Secrets of Getting Your Dream Job  33.34     In stock 2026-09-25 19:15:06
                                            The Dirty Little Secrets of Getting Your Dream Job  33.34     In stock 2026-09-25 19:30:05
                                            The Dirty Little Secrets of Getting Your Dream Job  33.34     In stock 2026-09-25 19:33:58
                                            The Dirty Little Secrets of Getting Your Dream Job  33.34     In stock 2026-09-25 19:45:07
                                            The Dirty Little Secrets of Getting Your Dream Job  33.34     In stock 2026-09-25 20:00:05
                                            The Dirty Little Secrets of Getting Your Dream Job  33.34     In stock 2026-09-25 20:15:04
                                                                               The Requiem Red  22.65     In stock 2026-09-24 20:14:49
                                                                               The Requiem Red  22.65     In stock 2026-09-24 20:19:23
                                                                               The Requiem Red  22.65     In stock 2026-09-25 09:18:33
                                                                               The Requiem Red  22.65     In stock 2026-09-25 09:28:30
                                                                               The Requiem Red  22.65     In stock 2026-09-25 10:16:22
                                                                               The Requiem Red  22.65     In stock 2026-09-25 10:30:32
                                                                               The Requiem Red  22.65     In stock 2026-09-25 10:37:55
                                                                               The Requiem Red  22.65     In stock 2026-09-25 10:38:27
                                                                               The Requiem Red  22.65     In stock 2026-09-25 11:04:52
                                                                               The Requiem Red  22.65     In stock 2026-09-25 11:25:35
                                                                               The Requiem Red  22.65     In stock 2026-09-25 11:26:44
                                                                               The Requiem Red  22.65     In stock 2026-09-25 12:00:06
                                                                               The Requiem Red  22.65     In stock 2026-09-25 13:00:05
                                                                               The Requiem Red  22.65     In stock 2026-09-25 17:36:09
                                                                               The Requiem Red  22.65     In stock 2026-09-25 18:31:32
                                                                               The Requiem Red  22.65     In stock 2026-09-25 19:00:05
                                                                               The Requiem Red  22.65     In stock 2026-09-25 19:00:05
                                                                               The Requiem Red  22.65     In stock 2026-09-25 19:15:06
                                                                               The Requiem Red  22.65     In stock 2026-09-25 19:30:05
                                                                               The Requiem Red  22.65     In stock 2026-09-25 19:33:58
                                                                               The Requiem Red  22.65     In stock 2026-09-25 19:45:07
                                                                               The Requiem Red  22.65     In stock 2026-09-25 20:00:05
                                                                               The Requiem Red  22.65     In stock 2026-09-25 20:15:04
                                                                            Tipping the Velvet  53.74     In stock 2026-09-24 20:14:49
                                                                            Tipping the Velvet  53.74     In stock 2026-09-24 20:19:23
                                                                            Tipping the Velvet  53.74     In stock 2026-09-25 09:18:33
                                                                            Tipping the Velvet  53.74     In stock 2026-09-25 09:28:30
                                                                            Tipping the Velvet  53.74     In stock 2026-09-25 10:16:22
                                                                            Tipping the Velvet  53.74     In stock 2026-09-25 10:30:32
                                                                            Tipping the Velvet  53.74     In stock 2026-09-25 10:37:55
                                                                            Tipping the Velvet  53.74     In stock 2026-09-25 10:38:27
                                                                            Tipping the Velvet  53.74     In stock 2026-09-25 11:04:52
                                                                            Tipping the Velvet  53.74     In stock 2026-09-25 11:25:35
                                                                            Tipping the Velvet  53.74     In stock 2026-09-25 11:26:44
                                                                            Tipping the Velvet  53.74     In stock 2026-09-25 12:00:06
                                                                            Tipping the Velvet  53.74     In stock 2026-09-25 13:00:05
                                                                            Tipping the Velvet  53.74     In stock 2026-09-25 17:36:09
                                                                            Tipping the Velvet  53.74     In stock 2026-09-25 18:31:32
                                                                            Tipping the Velvet  53.74     In stock 2026-09-25 19:00:05
                                                                            Tipping the Velvet  53.74     In stock 2026-09-25 19:00:05
                                                                            Tipping the Velvet  53.74     In stock 2026-09-25 19:15:06
                                                                            Tipping the Velvet  53.74     In stock 2026-09-25 19:30:05
                                                                            Tipping the Velvet  53.74     In stock 2026-09-25 19:33:58
                                                                            Tipping the Velvet  53.74     In stock 2026-09-25 19:45:07
                                                                            Tipping the Velvet  53.74     In stock 2026-09-25 20:00:05
                                                                            Tipping the Velvet  53.74     In stock 2026-09-25 20:15:04


PRICE DROP CHECK
======================================================================

========== PRICE TRACKER RUN ==========

1. Scraping prices...

2. Checking price drops...

========== RUN COMPLETE ==========

